wl,format,i,proj_type,selectivity,filter_type,time,time_preload
core,parquet,0,one,0.3,range,30,15
core,parquet,0,one,0.3,range,24,17
core,parquet,0,one,0.3,range,31,19
core,parquet,0,one,0.3,range,29,20
core,parquet,0,one,0.3,range,17,6
core,parquet,0,one,0.3,point,22,15
core,parquet,0,one,0.1,range,24,15
core,parquet,0,one,0.1,range,28,19
core,parquet,0,one,0.1,range,29,19
core,parquet,0,one,0.01,point,30,21
core,parquet,0,one,0.01,point,31,21
core,parquet,0,one,0.01,point,18,11
core,parquet,0,one,0.01,point,28,18
core,parquet,0,one,0.01,point,23,14
core,parquet,0,one,0.01,point,30,20
core,parquet,0,one,0.01,point,31,22
core,parquet,0,one,0.01,point,28,20
core,parquet,0,one,0.01,point,32,22
core,parquet,0,one,0.001,point,31,20
core,parquet,0,one,0.001,point,31,22
core,parquet,0,one,0.001,point,27,18
core,parquet,0,one,0.001,point,31,22
core,parquet,0,one,0.001,point,28,18
core,parquet,0,one,0.001,point,29,19
core,parquet,0,one,0.001,point,27,18
core,parquet,0,one,0.001,point,29,19
core,parquet,0,one,0.001,point,25,16
core,parquet,0,one,0.001,point,31,22
core,parquet,0,one,0.0001,point,24,13
core,parquet,0,one,0.0001,point,23,13
core,parquet,0,one,0.0001,point,24,13
core,parquet,0,one,0.0001,point,23,12
core,parquet,0,one,0.0001,point,24,12
core,parquet,0,one,0.0001,point,24,13
core,parquet,0,one,0.0001,point,25,12
core,parquet,0,one,0.0001,point,24,13
core,parquet,0,one,0.0001,point,24,13
core,parquet,0,one,0.0001,point,23,13
core,parquet,0,one,1e-05,point,23,12
core,parquet,0,one,1e-05,point,28,15
core,parquet,0,one,1e-05,point,18,8
core,parquet,0,one,1e-05,point,94,82
core,parquet,0,one,1e-05,point,23,13
core,parquet,0,one,1e-05,point,28,15
core,parquet,0,one,1e-05,point,19,8
core,parquet,0,one,1e-05,point,98,86
core,parquet,0,one,1e-05,point,29,14
core,parquet,0,one,1e-05,point,18,8
core,parquet,0,one,1e-06,point,23,12
core,parquet,0,one,1e-06,point,28,14
core,parquet,0,one,1e-06,point,23,12
core,parquet,0,one,1e-06,point,28,15
core,parquet,0,one,1e-06,point,23,12
core,parquet,0,one,1e-06,point,29,15
core,parquet,0,one,1e-06,point,24,13
core,parquet,0,one,1e-06,point,30,15
core,parquet,0,one,1e-06,point,23,12
core,parquet,0,one,1e-06,point,28,15
core,orc,0,one,0.3,range,23.2557,11.8597
core,orc,0,one,0.3,range,24.5311,18.9261
core,orc,0,one,0.3,range,15.7284,8.64888
core,orc,0,one,0.3,range,18.5546,11.6242
core,orc,0,one,0.3,range,58.1234,49.918200000000006
core,orc,0,one,0.3,point,17.8374,11.9054
core,orc,0,one,0.1,range,15.1472,9.664390000000001
core,orc,0,one,0.1,range,14.2559,7.4446900000000005
core,orc,0,one,0.1,range,18.031200000000002,10.390099999999999
core,orc,0,one,0.01,point,16.872700000000002,9.41616
core,orc,0,one,0.01,point,18.3934,12.6928
core,orc,0,one,0.01,point,13.4133,7.649730000000001
core,orc,0,one,0.01,point,13.268500000000001,7.0749200000000005
core,orc,0,one,0.01,point,16.488699999999998,10.0574
core,orc,0,one,0.01,point,16.4797,8.85224
core,orc,0,one,0.01,point,18.7377,12.4481
core,orc,0,one,0.01,point,15.001000000000001,7.71006
core,orc,0,one,0.01,point,17.8384,10.541699999999999
core,orc,0,one,0.001,point,16.6925,9.71434
core,orc,0,one,0.001,point,19.954199999999997,13.945
core,orc,0,one,0.001,point,16.0223,9.01135
core,orc,0,one,0.001,point,20.8718,13.934000000000001
core,orc,0,one,0.001,point,16.188000000000002,8.997
core,orc,0,one,0.001,point,17.1083,10.5826
core,orc,0,one,0.001,point,16.2152,8.75563
core,orc,0,one,0.001,point,17.042,10.479199999999999
core,orc,0,one,0.001,point,15.0052,7.95133
core,orc,0,one,0.001,point,20.0047,13.7507
core,orc,0,one,0.0001,point,44.8158,35.6704
core,orc,0,one,0.0001,point,46.0037,37.547
core,orc,0,one,0.0001,point,47.3921,39.2787
core,orc,0,one,0.0001,point,44.9175,36.4149
core,orc,0,one,0.0001,point,45.0302,36.4975
core,orc,0,one,0.0001,point,43.996100000000006,35.6979
core,orc,0,one,0.0001,point,43.273199999999996,35.7231
core,orc,0,one,0.0001,point,46.4737,38.1669
core,orc,0,one,0.0001,point,44.558,36.9767
core,orc,0,one,0.0001,point,46.574400000000004,38.320100000000004
core,orc,0,one,1e-05,point,42.2761,34.2618
core,orc,0,one,1e-05,point,46.325900000000004,38.128
core,orc,0,one,1e-05,point,50.177899999999994,41.7994
core,orc,0,one,1e-05,point,35.9296,22.0829
core,orc,0,one,1e-05,point,44.8205,36.6877
core,orc,0,one,1e-05,point,45.2441,37.2182
core,orc,0,one,1e-05,point,51.1528,42.7863
core,orc,0,one,1e-05,point,38.2935,25.6809
core,orc,0,one,1e-05,point,46.989200000000004,38.9103
core,orc,0,one,1e-05,point,51.9003,43.896499999999996
core,orc,0,one,1e-06,point,43.4127,33.9799
core,orc,0,one,1e-06,point,44.320100000000004,35.334900000000005
core,orc,0,one,1e-06,point,42.2944,34.3022
core,orc,0,one,1e-06,point,45.5015,35.9813
core,orc,0,one,1e-06,point,45.585300000000004,37.543800000000005
core,orc,0,one,1e-06,point,45.2875,35.6265
core,orc,0,one,1e-06,point,43.349,35.526799999999994
core,orc,0,one,1e-06,point,45.9428,36.1215
core,orc,0,one,1e-06,point,46.3976,38.7526
core,orc,0,one,1e-06,point,46.176500000000004,36.3234
core,parquet,1,one,0.3,range,22,15
core,parquet,1,one,0.3,range,24,16
core,parquet,1,one,0.3,range,27,19
core,parquet,1,one,0.3,range,28,20
core,parquet,1,one,0.3,range,14,6
core,parquet,1,one,0.3,point,22,15
core,parquet,1,one,0.1,range,23,15
core,parquet,1,one,0.1,range,27,19
core,parquet,1,one,0.1,range,28,19
core,parquet,1,one,0.01,point,30,21
core,parquet,1,one,0.01,point,31,21
core,parquet,1,one,0.01,point,20,11
core,parquet,1,one,0.01,point,27,18
core,parquet,1,one,0.01,point,23,14
core,parquet,1,one,0.01,point,30,20
core,parquet,1,one,0.01,point,31,21
core,parquet,1,one,0.01,point,29,20
core,parquet,1,one,0.01,point,32,22
core,parquet,1,one,0.001,point,29,20
core,parquet,1,one,0.001,point,31,22
core,parquet,1,one,0.001,point,28,18
core,parquet,1,one,0.001,point,32,23
core,parquet,1,one,0.001,point,27,18
core,parquet,1,one,0.001,point,29,19
core,parquet,1,one,0.001,point,27,18
core,parquet,1,one,0.001,point,29,19
core,parquet,1,one,0.001,point,25,16
core,parquet,1,one,0.001,point,32,22
core,parquet,1,one,0.0001,point,24,13
core,parquet,1,one,0.0001,point,23,13
core,parquet,1,one,0.0001,point,24,13
core,parquet,1,one,0.0001,point,24,13
core,parquet,1,one,0.0001,point,23,12
core,parquet,1,one,0.0001,point,23,13
core,parquet,1,one,0.0001,point,23,12
core,parquet,1,one,0.0001,point,23,13
core,parquet,1,one,0.0001,point,24,12
core,parquet,1,one,0.0001,point,24,13
core,parquet,1,one,1e-05,point,24,13
core,parquet,1,one,1e-05,point,29,15
core,parquet,1,one,1e-05,point,18,8
core,parquet,1,one,1e-05,point,94,85
core,parquet,1,one,1e-05,point,23,13
core,parquet,1,one,1e-05,point,28,15
core,parquet,1,one,1e-05,point,18,8
core,parquet,1,one,1e-05,point,96,86
core,parquet,1,one,1e-05,point,28,16
core,parquet,1,one,1e-05,point,18,8
core,parquet,1,one,1e-06,point,24,13
core,parquet,1,one,1e-06,point,29,15
core,parquet,1,one,1e-06,point,24,12
core,parquet,1,one,1e-06,point,28,15
core,parquet,1,one,1e-06,point,25,13
core,parquet,1,one,1e-06,point,29,15
core,parquet,1,one,1e-06,point,24,12
core,parquet,1,one,1e-06,point,28,15
core,parquet,1,one,1e-06,point,23,13
core,parquet,1,one,1e-06,point,29,15
core,orc,1,one,0.3,range,18.8006,11.8557
core,orc,1,one,0.3,range,26.7335,18.9037
core,orc,1,one,0.3,range,15.3621,8.71092
core,orc,1,one,0.3,range,18.0153,11.5974
core,orc,1,one,0.3,range,57.8719,49.8413
core,orc,1,one,0.3,point,17.7968,11.8446
core,orc,1,one,0.1,range,16.3515,9.761830000000002
core,orc,1,one,0.1,range,14.1938,7.32235
core,orc,1,one,0.1,range,17.2824,10.345099999999999
core,orc,1,one,0.01,point,16.0111,9.35622
core,orc,1,one,0.01,point,19.046799999999998,12.4394
core,orc,1,one,0.01,point,13.942599999999999,7.59709
core,orc,1,one,0.01,point,14.216299999999999,6.96506
core,orc,1,one,0.01,point,20.731800000000003,10.092600000000001
core,orc,1,one,0.01,point,15.7653,8.880139999999999
core,orc,1,one,0.01,point,18.8055,12.4197
core,orc,1,one,0.01,point,14.3861,7.5894200000000005
core,orc,1,one,0.01,point,17.7562,10.6678
core,orc,1,one,0.001,point,16.357400000000002,9.57106
core,orc,1,one,0.001,point,20.8389,13.696200000000001
core,orc,1,one,0.001,point,16.3665,9.078100000000001
core,orc,1,one,0.001,point,20.8657,13.9158
core,orc,1,one,0.001,point,16.9541,8.90807
core,orc,1,one,0.001,point,16.2618,10.320400000000001
core,orc,1,one,0.001,point,16.7711,8.82995
core,orc,1,one,0.001,point,16.8046,10.312
core,orc,1,one,0.001,point,15.285699999999999,8.11146
core,orc,1,one,0.001,point,21.2532,13.8619
core,orc,1,one,0.0001,point,44.415299999999995,35.9691
core,orc,1,one,0.0001,point,45.7099,37.5492
core,orc,1,one,0.0001,point,46.459599999999995,38.6284
core,orc,1,one,0.0001,point,44.8785,36.3022
core,orc,1,one,0.0001,point,43.5407,36.369899999999994
core,orc,1,one,0.0001,point,44.585300000000004,35.289500000000004
core,orc,1,one,0.0001,point,43.046099999999996,35.2827
core,orc,1,one,0.0001,point,45.932300000000005,38.3762
core,orc,1,one,0.0001,point,44.9823,36.7143
core,orc,1,one,0.0001,point,47.3901,38.7745
core,orc,1,one,1e-05,point,43.2407,34.2694
core,orc,1,one,1e-05,point,46.3381,37.2917
core,orc,1,one,1e-05,point,51.2544,41.7709
core,orc,1,one,1e-05,point,36.5952,24.6452
core,orc,1,one,1e-05,point,46.620000000000005,36.919
core,orc,1,one,1e-05,point,45.6338,36.9238
core,orc,1,one,1e-05,point,50.768800000000006,42.1368
core,orc,1,one,1e-05,point,38.2389,25.671300000000002
core,orc,1,one,1e-05,point,46.292100000000005,37.7571
core,orc,1,one,1e-05,point,51.819900000000004,43.6004
core,orc,1,one,1e-06,point,42.720800000000004,34.112700000000004
core,orc,1,one,1e-06,point,45.2257,35.493900000000004
core,orc,1,one,1e-06,point,42.715999999999994,34.321200000000005
core,orc,1,one,1e-06,point,44.327600000000004,36.0908
core,orc,1,one,1e-06,point,45.277499999999996,37.6038
core,orc,1,one,1e-06,point,44.992200000000004,35.5885
core,orc,1,one,1e-06,point,44.110299999999995,35.5165
core,orc,1,one,1e-06,point,44.7099,36.3283
core,orc,1,one,1e-06,point,46.912099999999995,38.4554
core,orc,1,one,1e-06,point,44.809000000000005,36.616
core,parquet,2,one,0.3,range,22,15
core,parquet,2,one,0.3,range,25,16
core,parquet,2,one,0.3,range,28,19
core,parquet,2,one,0.3,range,29,20
core,parquet,2,one,0.3,range,16,6
core,parquet,2,one,0.3,point,22,15
core,parquet,2,one,0.1,range,23,15
core,parquet,2,one,0.1,range,28,19
core,parquet,2,one,0.1,range,28,19
core,parquet,2,one,0.01,point,30,21
core,parquet,2,one,0.01,point,29,21
core,parquet,2,one,0.01,point,19,11
core,parquet,2,one,0.01,point,27,18
core,parquet,2,one,0.01,point,22,14
core,parquet,2,one,0.01,point,30,20
core,parquet,2,one,0.01,point,31,22
core,parquet,2,one,0.01,point,28,20
core,parquet,2,one,0.01,point,31,22
core,parquet,2,one,0.001,point,29,20
core,parquet,2,one,0.001,point,31,22
core,parquet,2,one,0.001,point,27,18
core,parquet,2,one,0.001,point,31,22
core,parquet,2,one,0.001,point,27,18
core,parquet,2,one,0.001,point,28,20
core,parquet,2,one,0.001,point,27,18
core,parquet,2,one,0.001,point,29,19
core,parquet,2,one,0.001,point,25,16
core,parquet,2,one,0.001,point,31,22
core,parquet,2,one,0.0001,point,24,13
core,parquet,2,one,0.0001,point,24,12
core,parquet,2,one,0.0001,point,24,12
core,parquet,2,one,0.0001,point,23,13
core,parquet,2,one,0.0001,point,24,13
core,parquet,2,one,0.0001,point,23,13
core,parquet,2,one,0.0001,point,24,12
core,parquet,2,one,0.0001,point,24,13
core,parquet,2,one,0.0001,point,23,13
core,parquet,2,one,0.0001,point,23,13
core,parquet,2,one,1e-05,point,24,13
core,parquet,2,one,1e-05,point,28,15
core,parquet,2,one,1e-05,point,18,8
core,parquet,2,one,1e-05,point,93,83
core,parquet,2,one,1e-05,point,23,13
core,parquet,2,one,1e-05,point,29,14
core,parquet,2,one,1e-05,point,17,8
core,parquet,2,one,1e-05,point,97,85
core,parquet,2,one,1e-05,point,28,15
core,parquet,2,one,1e-05,point,17,8
core,parquet,2,one,1e-06,point,24,12
core,parquet,2,one,1e-06,point,28,15
core,parquet,2,one,1e-06,point,23,12
core,parquet,2,one,1e-06,point,29,15
core,parquet,2,one,1e-06,point,24,13
core,parquet,2,one,1e-06,point,30,15
core,parquet,2,one,1e-06,point,24,13
core,parquet,2,one,1e-06,point,28,14
core,parquet,2,one,1e-06,point,24,13
core,parquet,2,one,1e-06,point,28,14
core,orc,2,one,0.3,range,17.876800000000003,11.822600000000001
core,orc,2,one,0.3,range,24.8185,18.9506
core,orc,2,one,0.3,range,15.3376,8.87152
core,orc,2,one,0.3,range,18.836599999999997,11.6624
core,orc,2,one,0.3,range,57.989,52.1507
core,orc,2,one,0.3,point,17.6972,12.6041
core,orc,2,one,0.1,range,15.7855,9.7096
core,orc,2,one,0.1,range,14.2029,7.49254
core,orc,2,one,0.1,range,17.3195,10.4324
core,orc,2,one,0.01,point,15.333599999999999,9.365210000000001
core,orc,2,one,0.01,point,18.9356,11.9719
core,orc,2,one,0.01,point,12.147,7.589519999999999
core,orc,2,one,0.01,point,16.884,7.136909999999999
core,orc,2,one,0.01,point,22.461499999999997,10.2092
core,orc,2,one,0.01,point,15.6113,8.73095
core,orc,2,one,0.01,point,18.0949,12.341899999999999
core,orc,2,one,0.01,point,15.222299999999999,7.68037
core,orc,2,one,0.01,point,17.3687,10.5751
core,orc,2,one,0.001,point,16.813299999999998,9.633650000000001
core,orc,2,one,0.001,point,20.8942,14.0009
core,orc,2,one,0.001,point,16.145799999999998,8.78362
core,orc,2,one,0.001,point,19.9301,14.1264
core,orc,2,one,0.001,point,16.3098,9.10224
core,orc,2,one,0.001,point,17.0597,10.2023
core,orc,2,one,0.001,point,15.1614,8.8104
core,orc,2,one,0.001,point,17.497700000000002,10.3017
core,orc,2,one,0.001,point,14.6529,8.03636
core,orc,2,one,0.001,point,20.5246,13.5983
core,orc,2,one,0.0001,point,43.8643,36.028999999999996
core,orc,2,one,0.0001,point,44.6987,37.4882
core,orc,2,one,0.0001,point,47.1768,38.565799999999996
core,orc,2,one,0.0001,point,44.1043,36.3235
core,orc,2,one,0.0001,point,45.468300000000006,36.2329
core,orc,2,one,0.0001,point,43.431400000000004,35.327799999999996
core,orc,2,one,0.0001,point,43.4669,35.3571
core,orc,2,one,0.0001,point,46.0082,38.268299999999996
core,orc,2,one,0.0001,point,45.059200000000004,36.7395
core,orc,2,one,0.0001,point,45.4926,38.2049
core,orc,2,one,1e-05,point,43.2788,38.5682
core,orc,2,one,1e-05,point,50.7872,41.8106
core,orc,2,one,1e-05,point,51.200500000000005,41.381099999999996
core,orc,2,one,1e-05,point,41.1634,23.5274
core,orc,2,one,1e-05,point,53.906299999999995,37.1108
core,orc,2,one,1e-05,point,45.788500000000006,37.232
core,orc,2,one,1e-05,point,51.2594,43.5402
core,orc,2,one,1e-05,point,38.1344,25.6781
core,orc,2,one,1e-05,point,47.388600000000004,37.7931
core,orc,2,one,1e-05,point,52.892300000000006,43.5957
core,orc,2,one,1e-06,point,42.1792,34.1897
core,orc,2,one,1e-06,point,44.311099999999996,35.6044
core,orc,2,one,1e-06,point,42.749,34.3673
core,orc,2,one,1e-06,point,44.534400000000005,35.7834
core,orc,2,one,1e-06,point,45.5212,37.8212
core,orc,2,one,1e-06,point,44.2509,35.4749
core,orc,2,one,1e-06,point,43.8437,35.3476
core,orc,2,one,1e-06,point,46.30009999999999,35.854499999999994
core,orc,2,one,1e-06,point,45.9028,38.861
core,orc,2,one,1e-06,point,46.1293,37.0398
core,parquet,3,one,0.3,range,26,15
core,parquet,3,one,0.3,range,24,17
core,parquet,3,one,0.3,range,28,19
core,parquet,3,one,0.3,range,29,20
core,parquet,3,one,0.3,range,14,6
core,parquet,3,one,0.3,point,22,15
core,parquet,3,one,0.1,range,23,15
core,parquet,3,one,0.1,range,28,19
core,parquet,3,one,0.1,range,28,19
core,parquet,3,one,0.01,point,30,21
core,parquet,3,one,0.01,point,30,21
core,parquet,3,one,0.01,point,19,11
core,parquet,3,one,0.01,point,27,18
core,parquet,3,one,0.01,point,23,14
core,parquet,3,one,0.01,point,29,20
core,parquet,3,one,0.01,point,31,21
core,parquet,3,one,0.01,point,29,20
core,parquet,3,one,0.01,point,31,22
core,parquet,3,one,0.001,point,28,19
core,parquet,3,one,0.001,point,31,22
core,parquet,3,one,0.001,point,26,18
core,parquet,3,one,0.001,point,31,22
core,parquet,3,one,0.001,point,28,18
core,parquet,3,one,0.001,point,29,19
core,parquet,3,one,0.001,point,27,18
core,parquet,3,one,0.001,point,29,19
core,parquet,3,one,0.001,point,26,16
core,parquet,3,one,0.001,point,31,22
core,parquet,3,one,0.0001,point,23,12
core,parquet,3,one,0.0001,point,24,13
core,parquet,3,one,0.0001,point,24,12
core,parquet,3,one,0.0001,point,24,13
core,parquet,3,one,0.0001,point,24,13
core,parquet,3,one,0.0001,point,24,13
core,parquet,3,one,0.0001,point,25,12
core,parquet,3,one,0.0001,point,23,13
core,parquet,3,one,0.0001,point,24,12
core,parquet,3,one,0.0001,point,24,13
core,parquet,3,one,1e-05,point,23,12
core,parquet,3,one,1e-05,point,28,15
core,parquet,3,one,1e-05,point,18,8
core,parquet,3,one,1e-05,point,96,82
core,parquet,3,one,1e-05,point,23,13
core,parquet,3,one,1e-05,point,29,14
core,parquet,3,one,1e-05,point,17,8
core,parquet,3,one,1e-05,point,98,86
core,parquet,3,one,1e-05,point,29,14
core,parquet,3,one,1e-05,point,18,8
core,parquet,3,one,1e-06,point,23,13
core,parquet,3,one,1e-06,point,28,15
core,parquet,3,one,1e-06,point,23,12
core,parquet,3,one,1e-06,point,29,15
core,parquet,3,one,1e-06,point,24,12
core,parquet,3,one,1e-06,point,29,15
core,parquet,3,one,1e-06,point,24,12
core,parquet,3,one,1e-06,point,28,15
core,parquet,3,one,1e-06,point,24,13
core,parquet,3,one,1e-06,point,28,15
core,orc,3,one,0.3,range,19.1103,12.3209
core,orc,3,one,0.3,range,25.321099999999998,18.778799999999997
core,orc,3,one,0.3,range,15.4815,8.59028
core,orc,3,one,0.3,range,18.3338,11.578
core,orc,3,one,0.3,range,57.323699999999995,50.0019
core,orc,3,one,0.3,point,19.3987,11.7982
core,orc,3,one,0.1,range,16.117900000000002,9.53325
core,orc,3,one,0.1,range,15.4883,7.44126
core,orc,3,one,0.1,range,16.9144,10.4548
core,orc,3,one,0.01,point,15.5683,9.53663
core,orc,3,one,0.01,point,19.4567,11.7798
core,orc,3,one,0.01,point,13.5951,7.68313
core,orc,3,one,0.01,point,13.741700000000002,7.07416
core,orc,3,one,0.01,point,17.351399999999998,10.147
core,orc,3,one,0.01,point,15.4829,8.708020000000001
core,orc,3,one,0.01,point,19.4855,12.3861
core,orc,3,one,0.01,point,14.9079,7.83324
core,orc,3,one,0.01,point,17.869699999999998,10.5571
core,orc,3,one,0.001,point,16.8314,9.60241
core,orc,3,one,0.001,point,20.348399999999998,13.9805
core,orc,3,one,0.001,point,15.9908,8.965060000000001
core,orc,3,one,0.001,point,20.7143,13.9875
core,orc,3,one,0.001,point,15.6401,9.0977
core,orc,3,one,0.001,point,16.3752,10.425699999999999
core,orc,3,one,0.001,point,16.4314,9.01859
core,orc,3,one,0.001,point,17.3046,10.375
core,orc,3,one,0.001,point,15.0412,7.792590000000001
core,orc,3,one,0.001,point,20.2296,13.9801
core,orc,3,one,0.0001,point,44.252399999999994,35.6743
core,orc,3,one,0.0001,point,45.6639,37.688199999999995
core,orc,3,one,0.0001,point,46.646899999999995,38.5147
core,orc,3,one,0.0001,point,44.1358,36.3889
core,orc,3,one,0.0001,point,44.0239,36.585899999999995
core,orc,3,one,0.0001,point,43.899300000000004,35.4705
core,orc,3,one,0.0001,point,43.2921,35.4681
core,orc,3,one,0.0001,point,46.9358,38.3872
core,orc,3,one,0.0001,point,44.9564,37.3987
core,orc,3,one,0.0001,point,46.1999,38.4407
core,orc,3,one,1e-05,point,43.0574,34.4105
core,orc,3,one,1e-05,point,46.457499999999996,37.5411
core,orc,3,one,1e-05,point,49.7941,41.6918
core,orc,3,one,1e-05,point,36.9952,22.2984
core,orc,3,one,1e-05,point,44.1123,37.424600000000005
core,orc,3,one,1e-05,point,45.9413,36.8548
core,orc,3,one,1e-05,point,51.3281,42.8587
core,orc,3,one,1e-05,point,38.027,26.0958
core,orc,3,one,1e-05,point,46.024,38.0547
core,orc,3,one,1e-05,point,52.6321,43.5493
core,orc,3,one,1e-06,point,42.206,34.3109
core,orc,3,one,1e-06,point,45.407000000000004,35.8835
core,orc,3,one,1e-06,point,43.558,34.4268
core,orc,3,one,1e-06,point,43.0769,36.185
core,orc,3,one,1e-06,point,45.0186,37.5785
core,orc,3,one,1e-06,point,44.3319,36.195100000000004
core,orc,3,one,1e-06,point,43.9733,35.825900000000004
core,orc,3,one,1e-06,point,46.2673,36.5103
core,orc,3,one,1e-06,point,47.9775,38.5494
core,orc,3,one,1e-06,point,45.483200000000004,37.020900000000005
core,parquet,4,one,0.3,range,22,15
core,parquet,4,one,0.3,range,24,16
core,parquet,4,one,0.3,range,28,19
core,parquet,4,one,0.3,range,29,20
core,parquet,4,one,0.3,range,15,6
core,parquet,4,one,0.3,point,23,15
core,parquet,4,one,0.1,range,22,15
core,parquet,4,one,0.1,range,29,19
core,parquet,4,one,0.1,range,27,19
core,parquet,4,one,0.01,point,30,21
core,parquet,4,one,0.01,point,30,21
core,parquet,4,one,0.01,point,18,11
core,parquet,4,one,0.01,point,26,18
core,parquet,4,one,0.01,point,23,14
core,parquet,4,one,0.01,point,29,21
core,parquet,4,one,0.01,point,30,22
core,parquet,4,one,0.01,point,29,20
core,parquet,4,one,0.01,point,31,22
core,parquet,4,one,0.001,point,28,19
core,parquet,4,one,0.001,point,30,22
core,parquet,4,one,0.001,point,27,18
core,parquet,4,one,0.001,point,31,22
core,parquet,4,one,0.001,point,27,18
core,parquet,4,one,0.001,point,28,19
core,parquet,4,one,0.001,point,27,18
core,parquet,4,one,0.001,point,28,20
core,parquet,4,one,0.001,point,25,16
core,parquet,4,one,0.001,point,31,22
core,parquet,4,one,0.0001,point,23,13
core,parquet,4,one,0.0001,point,23,13
core,parquet,4,one,0.0001,point,23,13
core,parquet,4,one,0.0001,point,23,12
core,parquet,4,one,0.0001,point,23,13
core,parquet,4,one,0.0001,point,24,13
core,parquet,4,one,0.0001,point,23,12
core,parquet,4,one,0.0001,point,22,13
core,parquet,4,one,0.0001,point,23,12
core,parquet,4,one,0.0001,point,23,12
core,parquet,4,one,1e-05,point,23,12
core,parquet,4,one,1e-05,point,28,15
core,parquet,4,one,1e-05,point,18,8
core,parquet,4,one,1e-05,point,96,82
core,parquet,4,one,1e-05,point,23,12
core,parquet,4,one,1e-05,point,27,14
core,parquet,4,one,1e-05,point,17,8
core,parquet,4,one,1e-05,point,96,85
core,parquet,4,one,1e-05,point,28,15
core,parquet,4,one,1e-05,point,17,8
core,parquet,4,one,1e-06,point,23,13
core,parquet,4,one,1e-06,point,28,15
core,parquet,4,one,1e-06,point,24,13
core,parquet,4,one,1e-06,point,28,15
core,parquet,4,one,1e-06,point,23,13
core,parquet,4,one,1e-06,point,28,15
core,parquet,4,one,1e-06,point,24,13
core,parquet,4,one,1e-06,point,28,14
core,parquet,4,one,1e-06,point,23,12
core,parquet,4,one,1e-06,point,28,15
core,orc,4,one,0.3,range,18.3625,11.8724
core,orc,4,one,0.3,range,25.3777,18.8389
core,orc,4,one,0.3,range,14.7256,8.73791
core,orc,4,one,0.3,range,18.1373,11.544799999999999
core,orc,4,one,0.3,range,58.754599999999996,49.9695
core,orc,4,one,0.3,point,18.2806,11.8794
core,orc,4,one,0.1,range,15.9701,9.74631
core,orc,4,one,0.1,range,15.0568,7.426430000000001
core,orc,4,one,0.1,range,17.78,10.750900000000001
core,orc,4,one,0.01,point,15.3361,9.437009999999999
core,orc,4,one,0.01,point,17.1067,11.7827
core,orc,4,one,0.01,point,12.6414,7.56616
core,orc,4,one,0.01,point,13.5847,7.121169999999999
core,orc,4,one,0.01,point,14.7805,10.0483
core,orc,4,one,0.01,point,14.4711,8.807360000000001
core,orc,4,one,0.01,point,18.444599999999998,12.7905
core,orc,4,one,0.01,point,14.422799999999999,7.71227
core,orc,4,one,0.01,point,17.7829,10.5821
core,orc,4,one,0.001,point,15.691099999999999,9.63907
core,orc,4,one,0.001,point,20.3668,13.8902
core,orc,4,one,0.001,point,16.2379,8.92075
core,orc,4,one,0.001,point,20.6272,13.733799999999999
core,orc,4,one,0.001,point,16.7361,8.945879999999999
core,orc,4,one,0.001,point,17.3542,10.3955
core,orc,4,one,0.001,point,15.4164,8.929170000000001
core,orc,4,one,0.001,point,18.1447,10.6491
core,orc,4,one,0.001,point,15.2865,7.99673
core,orc,4,one,0.001,point,20.4009,13.7609
core,orc,4,one,0.0001,point,44.385099999999994,35.7298
core,orc,4,one,0.0001,point,45.023399999999995,37.6608
core,orc,4,one,0.0001,point,45.8144,38.5564
core,orc,4,one,0.0001,point,43.874,36.3457
core,orc,4,one,0.0001,point,46.2805,36.1402
core,orc,4,one,0.0001,point,44.7063,35.4268
core,orc,4,one,0.0001,point,44.187400000000004,35.2109
core,orc,4,one,0.0001,point,46.4506,37.975
core,orc,4,one,0.0001,point,44.272800000000004,36.6883
core,orc,4,one,0.0001,point,47.4837,38.9013
core,orc,4,one,1e-05,point,43.2977,34.2391
core,orc,4,one,1e-05,point,46.2455,37.911699999999996
core,orc,4,one,1e-05,point,50.4976,41.586400000000005
core,orc,4,one,1e-05,point,36.7251,23.657700000000002
core,orc,4,one,1e-05,point,45.6053,36.7907
core,orc,4,one,1e-05,point,46.4142,37.2223
core,orc,4,one,1e-05,point,51.386300000000006,43.049299999999995
core,orc,4,one,1e-05,point,38.8542,25.9545
core,orc,4,one,1e-05,point,47.8065,38.2574
core,orc,4,one,1e-05,point,52.4063,43.6378
core,orc,4,one,1e-06,point,42.8621,34.2128
core,orc,4,one,1e-06,point,44.796299999999995,35.8546
core,orc,4,one,1e-06,point,43.6286,34.670899999999996
core,orc,4,one,1e-06,point,45.5641,36.2289
core,orc,4,one,1e-06,point,45.2511,37.4985
core,orc,4,one,1e-06,point,44.8292,35.926300000000005
core,orc,4,one,1e-06,point,43.6763,35.469
core,orc,4,one,1e-06,point,45.4677,36.024800000000006
core,orc,4,one,1e-06,point,47.9144,38.4529
core,orc,4,one,1e-06,point,45.4662,36.801899999999996
geo,parquet,0,one,0.01,range,25,17
geo,parquet,0,one,0.01,range,27,19
geo,parquet,0,one,0.01,range,34,26
geo,parquet,0,one,0.01,range,27,19
geo,parquet,0,one,0.01,range,27,14
geo,parquet,0,one,0.01,range,48,39
geo,parquet,0,one,0.01,range,65,56
geo,parquet,0,one,0.01,range,141,120
geo,parquet,0,one,0.01,range,144,124
geo,parquet,0,one,0.01,point,26,18
geo,parquet,0,one,0.01,point,29,21
geo,parquet,0,one,0.01,point,47,38
geo,parquet,0,one,0.01,point,67,57
geo,parquet,0,one,0.01,point,138,116
geo,parquet,0,one,0.01,point,146,129
geo,parquet,0,one,0.01,point,72,63
geo,parquet,0,one,0.01,point,98,86
geo,parquet,0,one,0.01,point,23,15
geo,parquet,0,one,0.01,point,29,20
geo,parquet,0,one,0.01,point,47,36
geo,parquet,0,one,0.01,point,26,18
geo,parquet,0,one,0.01,point,28,19
geo,parquet,0,one,0.01,point,45,38
geo,parquet,0,one,0.01,point,25,17
geo,orc,0,one,0.01,range,22.1733,15.026100000000001
geo,orc,0,one,0.01,range,18.6313,10.514000000000001
geo,orc,0,one,0.01,range,7.5297,1.1058400000000002
geo,orc,0,one,0.01,range,11.2612,4.5886700000000005
geo,orc,0,one,0.01,range,43.137,33.2597
geo,orc,0,one,0.01,range,28.3002,20.2796
geo,orc,0,one,0.01,range,35.8683,30.1933
geo,orc,0,one,0.01,range,79.87859999999999,60.8179
geo,orc,0,one,0.01,range,41.9292,25.3281
geo,orc,0,one,0.01,point,21.8796,14.800600000000001
geo,orc,0,one,0.01,point,21.6183,13.8607
geo,orc,0,one,0.01,point,30.0533,20.4592
geo,orc,0,one,0.01,point,36.3433,30.8006
geo,orc,0,one,0.01,point,75.3664,51.0424
geo,orc,0,one,0.01,point,48.1401,31.394900000000003
geo,orc,0,one,0.01,point,32.8342,21.441499999999998
geo,orc,0,one,0.01,point,44.8383,31.7223
geo,orc,0,one,0.01,point,20.595100000000002,13.6703
geo,orc,0,one,0.01,point,18.461499999999997,10.9003
geo,orc,0,one,0.01,point,29.8853,22.1103
geo,orc,0,one,0.01,point,20.8198,14.644400000000001
geo,orc,0,one,0.01,point,18.9466,10.6626
geo,orc,0,one,0.01,point,29.4439,19.6788
geo,orc,0,one,0.01,point,21.5652,14.0073
geo,parquet,1,one,0.01,range,26,18
geo,parquet,1,one,0.01,range,27,19
geo,parquet,1,one,0.01,range,33,26
geo,parquet,1,one,0.01,range,26,19
geo,parquet,1,one,0.01,range,27,14
geo,parquet,1,one,0.01,range,48,40
geo,parquet,1,one,0.01,range,67,56
geo,parquet,1,one,0.01,range,141,120
geo,parquet,1,one,0.01,range,143,123
geo,parquet,1,one,0.01,point,27,18
geo,parquet,1,one,0.01,point,30,20
geo,parquet,1,one,0.01,point,48,38
geo,parquet,1,one,0.01,point,68,56
geo,parquet,1,one,0.01,point,137,116
geo,parquet,1,one,0.01,point,148,129
geo,parquet,1,one,0.01,point,72,64
geo,parquet,1,one,0.01,point,97,87
geo,parquet,1,one,0.01,point,23,15
geo,parquet,1,one,0.01,point,29,21
geo,parquet,1,one,0.01,point,45,36
geo,parquet,1,one,0.01,point,25,18
geo,parquet,1,one,0.01,point,28,19
geo,parquet,1,one,0.01,point,46,37
geo,parquet,1,one,0.01,point,24,16
geo,orc,1,one,0.01,range,24.0519,14.8444
geo,orc,1,one,0.01,range,18.404899999999998,10.5044
geo,orc,1,one,0.01,range,6.97763,1.0740100000000001
geo,orc,1,one,0.01,range,11.2796,4.56542
geo,orc,1,one,0.01,range,42.3116,32.9903
geo,orc,1,one,0.01,range,28.435,23.9479
geo,orc,1,one,0.01,range,32.8164,24.3641
geo,orc,1,one,0.01,range,79.35820000000001,55.9033
geo,orc,1,one,0.01,range,42.508700000000005,24.652
geo,orc,1,one,0.01,point,20.5043,14.5084
geo,orc,1,one,0.01,point,20.9506,13.5858
geo,orc,1,one,0.01,point,28.0033,25.0896
geo,orc,1,one,0.01,point,40.2917,27.1796
geo,orc,1,one,0.01,point,70.90140000000001,51.4787
geo,orc,1,one,0.01,point,46.6736,31.0759
geo,orc,1,one,0.01,point,32.6546,21.256
geo,orc,1,one,0.01,point,45.8386,31.9259
geo,orc,1,one,0.01,point,21.2023,13.6418
geo,orc,1,one,0.01,point,18.1466,10.8273
geo,orc,1,one,0.01,point,29.1905,20.7887
geo,orc,1,one,0.01,point,21.906599999999997,14.643400000000002
geo,orc,1,one,0.01,point,18.3509,10.6274
geo,orc,1,one,0.01,point,29.7123,20.0656
geo,orc,1,one,0.01,point,20.1787,14.3997
geo,parquet,2,one,0.01,range,25,17
geo,parquet,2,one,0.01,range,27,19
geo,parquet,2,one,0.01,range,35,26
geo,parquet,2,one,0.01,range,27,19
geo,parquet,2,one,0.01,range,27,15
geo,parquet,2,one,0.01,range,47,39
geo,parquet,2,one,0.01,range,65,56
geo,parquet,2,one,0.01,range,143,122
geo,parquet,2,one,0.01,range,143,124
geo,parquet,2,one,0.01,point,28,19
geo,parquet,2,one,0.01,point,29,21
geo,parquet,2,one,0.01,point,47,38
geo,parquet,2,one,0.01,point,68,58
geo,parquet,2,one,0.01,point,139,117
geo,parquet,2,one,0.01,point,147,128
geo,parquet,2,one,0.01,point,73,63
geo,parquet,2,one,0.01,point,97,86
geo,parquet,2,one,0.01,point,24,15
geo,parquet,2,one,0.01,point,29,20
geo,parquet,2,one,0.01,point,47,37
geo,parquet,2,one,0.01,point,27,18
geo,parquet,2,one,0.01,point,28,19
geo,parquet,2,one,0.01,point,47,37
geo,parquet,2,one,0.01,point,25,16
geo,orc,2,one,0.01,range,22.303900000000002,14.8363
geo,orc,2,one,0.01,range,17.8205,10.5822
geo,orc,2,one,0.01,range,7.81799,1.08907
geo,orc,2,one,0.01,range,11.4354,4.57182
geo,orc,2,one,0.01,range,44.680699999999995,32.868500000000004
geo,orc,2,one,0.01,range,34.7448,20.3114
geo,orc,2,one,0.01,range,39.091300000000004,24.823600000000003
geo,orc,2,one,0.01,range,78.52929999999999,55.7899
geo,orc,2,one,0.01,range,43.4583,24.9814
geo,orc,2,one,0.01,point,22.706899999999997,14.8108
geo,orc,2,one,0.01,point,21.8984,13.8574
geo,orc,2,one,0.01,point,30.6587,21.6226
geo,orc,2,one,0.01,point,36.3418,25.2333
geo,orc,2,one,0.01,point,70.2632,55.1064
geo,orc,2,one,0.01,point,46.235699999999994,31.675099999999997
geo,orc,2,one,0.01,point,32.3612,21.403200000000002
geo,orc,2,one,0.01,point,46.1832,32.3057
geo,orc,2,one,0.01,point,20.130599999999998,13.597100000000001
geo,orc,2,one,0.01,point,17.9174,10.8921
geo,orc,2,one,0.01,point,27.8735,24.9535
geo,orc,2,one,0.01,point,21.2631,14.342799999999999
geo,orc,2,one,0.01,point,18.006899999999998,10.7033
geo,orc,2,one,0.01,point,28.276200000000003,20.712899999999998
geo,orc,2,one,0.01,point,21.003500000000003,14.0734
geo,parquet,3,one,0.01,range,26,18
geo,parquet,3,one,0.01,range,27,19
geo,parquet,3,one,0.01,range,34,26
geo,parquet,3,one,0.01,range,27,19
geo,parquet,3,one,0.01,range,28,14
geo,parquet,3,one,0.01,range,47,39
geo,parquet,3,one,0.01,range,66,56
geo,parquet,3,one,0.01,range,143,120
geo,parquet,3,one,0.01,range,143,126
geo,parquet,3,one,0.01,point,27,18
geo,parquet,3,one,0.01,point,29,20
geo,parquet,3,one,0.01,point,47,39
geo,parquet,3,one,0.01,point,68,58
geo,parquet,3,one,0.01,point,140,117
geo,parquet,3,one,0.01,point,149,131
geo,parquet,3,one,0.01,point,73,63
geo,parquet,3,one,0.01,point,99,86
geo,parquet,3,one,0.01,point,22,15
geo,parquet,3,one,0.01,point,28,20
geo,parquet,3,one,0.01,point,45,37
geo,parquet,3,one,0.01,point,26,18
geo,parquet,3,one,0.01,point,28,19
geo,parquet,3,one,0.01,point,46,37
geo,parquet,3,one,0.01,point,25,16
geo,orc,3,one,0.01,range,23.585600000000003,14.5344
geo,orc,3,one,0.01,range,18.714000000000002,10.546700000000001
geo,orc,3,one,0.01,range,6.7608299999999995,1.09174
geo,orc,3,one,0.01,range,11.376199999999999,4.58263
geo,orc,3,one,0.01,range,42.4514,33.086999999999996
geo,orc,3,one,0.01,range,28.965999999999998,19.950200000000002
geo,orc,3,one,0.01,range,34.8502,24.575599999999998
geo,orc,3,one,0.01,range,80.55080000000001,56.3108
geo,orc,3,one,0.01,range,44.0177,25.4825
geo,orc,3,one,0.01,point,21.737,14.692200000000001
geo,orc,3,one,0.01,point,20.970200000000002,13.8146
geo,orc,3,one,0.01,point,27.9415,26.3689
geo,orc,3,one,0.01,point,37.1616,24.431
geo,orc,3,one,0.01,point,71.0716,51.3881
geo,orc,3,one,0.01,point,47.8844,30.8443
geo,orc,3,one,0.01,point,32.4658,20.742
geo,orc,3,one,0.01,point,46.402899999999995,31.2659
geo,orc,3,one,0.01,point,20.7187,13.5665
geo,orc,3,one,0.01,point,18.7129,10.8493
geo,orc,3,one,0.01,point,32.012100000000004,20.897599999999997
geo,orc,3,one,0.01,point,21.4574,14.5594
geo,orc,3,one,0.01,point,17.721,10.6196
geo,orc,3,one,0.01,point,30.7109,19.3997
geo,orc,3,one,0.01,point,19.845399999999998,13.908
geo,parquet,4,one,0.01,range,26,17
geo,parquet,4,one,0.01,range,27,19
geo,parquet,4,one,0.01,range,34,26
geo,parquet,4,one,0.01,range,27,19
geo,parquet,4,one,0.01,range,27,15
geo,parquet,4,one,0.01,range,48,40
geo,parquet,4,one,0.01,range,66,57
geo,parquet,4,one,0.01,range,142,121
geo,parquet,4,one,0.01,range,143,125
geo,parquet,4,one,0.01,point,27,18
geo,parquet,4,one,0.01,point,29,21
geo,parquet,4,one,0.01,point,47,39
geo,parquet,4,one,0.01,point,68,58
geo,parquet,4,one,0.01,point,140,117
geo,parquet,4,one,0.01,point,150,129
geo,parquet,4,one,0.01,point,73,63
geo,parquet,4,one,0.01,point,97,86
geo,parquet,4,one,0.01,point,23,15
geo,parquet,4,one,0.01,point,29,20
geo,parquet,4,one,0.01,point,45,37
geo,parquet,4,one,0.01,point,26,18
geo,parquet,4,one,0.01,point,28,19
geo,parquet,4,one,0.01,point,46,37
geo,parquet,4,one,0.01,point,24,17
geo,orc,4,one,0.01,range,22.561600000000002,14.584200000000001
geo,orc,4,one,0.01,range,18.031100000000002,10.532
geo,orc,4,one,0.01,range,6.78883,1.04884
geo,orc,4,one,0.01,range,11.2257,4.49897
geo,orc,4,one,0.01,range,43.9478,33.3208
geo,orc,4,one,0.01,range,31.4977,20.1273
geo,orc,4,one,0.01,range,38.9071,26.2775
geo,orc,4,one,0.01,range,77.35889999999999,57.4869
geo,orc,4,one,0.01,range,42.3578,25.586299999999998
geo,orc,4,one,0.01,point,22.4383,14.6607
geo,orc,4,one,0.01,point,20.8292,13.620800000000001
geo,orc,4,one,0.01,point,28.9149,19.5077
geo,orc,4,one,0.01,point,38.447799999999994,27.5403
geo,orc,4,one,0.01,point,74.2709,50.7311
geo,orc,4,one,0.01,point,48.0145,30.4659
geo,orc,4,one,0.01,point,32.463499999999996,21.3169
geo,orc,4,one,0.01,point,46.3258,31.7092
geo,orc,4,one,0.01,point,21.5353,13.732
geo,orc,4,one,0.01,point,17.7146,10.7098
geo,orc,4,one,0.01,point,29.0409,21.8549
geo,orc,4,one,0.01,point,21.7319,14.6488
geo,orc,4,one,0.01,point,18.7573,10.6355
geo,orc,4,one,0.01,point,29.8348,19.8633
geo,orc,4,one,0.01,point,21.021,14.0556
classic,parquet,0,one,0.3,range,37,25
classic,parquet,0,one,0.3,range,28,20
classic,parquet,0,one,0.3,range,32,23
classic,parquet,0,one,0.3,range,25,18
classic,parquet,0,one,0.3,range,14,5
classic,parquet,0,one,0.3,point,28,20
classic,parquet,0,one,0.0001,range,29,21
classic,parquet,0,one,0.0001,range,35,24
classic,parquet,0,one,0.0001,range,22,14
classic,parquet,0,one,0.0001,point,38,28
classic,parquet,0,one,0.0001,point,23,14
classic,parquet,0,one,0.0001,point,95,84
classic,parquet,0,one,0.0001,point,145,121
classic,parquet,0,one,0.0001,point,127,110
classic,parquet,0,one,0.0001,point,150,124
classic,parquet,0,one,0.0001,point,125,111
classic,parquet,0,one,0.0001,point,35,26
classic,parquet,0,one,0.0001,point,23,14
classic,parquet,0,one,0.0001,point,97,86
classic,parquet,0,one,0.0001,point,127,111
classic,parquet,0,one,0.0001,point,133,116
classic,parquet,0,one,0.0001,point,144,120
classic,parquet,0,one,0.0001,point,129,114
classic,parquet,0,one,0.0001,point,34,25
classic,parquet,0,one,0.0001,point,22,14
classic,orc,0,one,0.3,range,95.8471,26.0225
classic,orc,0,one,0.3,range,97.0295,33.8298
classic,orc,0,one,0.3,range,87.378,26.140300000000003
classic,orc,0,one,0.3,range,88.5986,25.9653
classic,orc,0,one,0.3,range,118.879,58.7029
classic,orc,0,one,0.3,point,98.94279999999999,34.052
classic,orc,0,one,0.0001,range,81.07839999999999,31.194599999999998
classic,orc,0,one,0.0001,range,47.514300000000006,12.88
classic,orc,0,one,0.0001,range,95.25980000000001,32.6216
classic,orc,0,one,0.0001,point,92.6256,27.7536
classic,orc,0,one,0.0001,point,99.9528,32.3111
classic,orc,0,one,0.0001,point,129.758,45.9877
classic,orc,0,one,0.0001,point,198.50799999999998,72.5481
classic,orc,0,one,0.0001,point,173.917,63.48950000000001
classic,orc,0,one,0.0001,point,184.75300000000001,47.7801
classic,orc,0,one,0.0001,point,149.55599999999998,61.321
classic,orc,0,one,0.0001,point,91.6279,27.7983
classic,orc,0,one,0.0001,point,97.74470000000001,32.844
classic,orc,0,one,0.0001,point,139.65,50.0936
classic,orc,0,one,0.0001,point,188.498,67.1155
classic,orc,0,one,0.0001,point,179.09,71.0739
classic,orc,0,one,0.0001,point,181.457,45.364200000000004
classic,orc,0,one,0.0001,point,147.74,63.096799999999995
classic,orc,0,one,0.0001,point,87.5758,25.3296
classic,orc,0,one,0.0001,point,95.05130000000001,32.0454
classic,parquet,1,one,0.3,range,33,25
classic,parquet,1,one,0.3,range,28,20
classic,parquet,1,one,0.3,range,32,23
classic,parquet,1,one,0.3,range,25,18
classic,parquet,1,one,0.3,range,14,5
classic,parquet,1,one,0.3,point,28,20
classic,parquet,1,one,0.0001,range,29,21
classic,parquet,1,one,0.0001,range,34,25
classic,parquet,1,one,0.0001,range,24,14
classic,parquet,1,one,0.0001,point,39,29
classic,parquet,1,one,0.0001,point,23,14
classic,parquet,1,one,0.0001,point,95,88
classic,parquet,1,one,0.0001,point,135,120
classic,parquet,1,one,0.0001,point,126,112
classic,parquet,1,one,0.0001,point,149,125
classic,parquet,1,one,0.0001,point,125,112
classic,parquet,1,one,0.0001,point,35,27
classic,parquet,1,one,0.0001,point,23,14
classic,parquet,1,one,0.0001,point,97,85
classic,parquet,1,one,0.0001,point,129,112
classic,parquet,1,one,0.0001,point,134,117
classic,parquet,1,one,0.0001,point,142,120
classic,parquet,1,one,0.0001,point,128,112
classic,parquet,1,one,0.0001,point,34,25
classic,parquet,1,one,0.0001,point,22,14
classic,orc,1,one,0.3,range,92.3266,26.2381
classic,orc,1,one,0.3,range,98.74520000000001,34.032199999999996
classic,orc,1,one,0.3,range,88.8115,27.162200000000002
classic,orc,1,one,0.3,range,84.1306,25.5335
classic,orc,1,one,0.3,range,119.525,58.5672
classic,orc,1,one,0.3,point,98.0092,34.1318
classic,orc,1,one,0.0001,range,80.078,30.634
classic,orc,1,one,0.0001,range,46.7647,12.3949
classic,orc,1,one,0.0001,range,97.6643,32.1568
classic,orc,1,one,0.0001,point,95.1568,28.1831
classic,orc,1,one,0.0001,point,98.3728,32.162000000000006
classic,orc,1,one,0.0001,point,132.053,44.805
classic,orc,1,one,0.0001,point,197.42000000000002,72.1743
classic,orc,1,one,0.0001,point,170.813,61.547900000000006
classic,orc,1,one,0.0001,point,188.48899999999998,48.321799999999996
classic,orc,1,one,0.0001,point,148.64,66.40899999999999
classic,orc,1,one,0.0001,point,97.20270000000001,27.8112
classic,orc,1,one,0.0001,point,96.3902,32.3222
classic,orc,1,one,0.0001,point,138.475,47.8082
classic,orc,1,one,0.0001,point,198.678,66.71199999999999
classic,orc,1,one,0.0001,point,179.41,68.8888
classic,orc,1,one,0.0001,point,192.11,45.4347
classic,orc,1,one,0.0001,point,159.077,64.78920000000001
classic,orc,1,one,0.0001,point,91.35369999999999,24.7005
classic,orc,1,one,0.0001,point,93.63040000000001,32.8298
classic,parquet,2,one,0.3,range,34,25
classic,parquet,2,one,0.3,range,27,20
classic,parquet,2,one,0.3,range,32,23
classic,parquet,2,one,0.3,range,25,18
classic,parquet,2,one,0.3,range,14,5
classic,parquet,2,one,0.3,point,28,20
classic,parquet,2,one,0.0001,range,29,21
classic,parquet,2,one,0.0001,range,34,24
classic,parquet,2,one,0.0001,range,22,14
classic,parquet,2,one,0.0001,point,37,28
classic,parquet,2,one,0.0001,point,23,14
classic,parquet,2,one,0.0001,point,95,82
classic,parquet,2,one,0.0001,point,135,120
classic,parquet,2,one,0.0001,point,128,110
classic,parquet,2,one,0.0001,point,147,123
classic,parquet,2,one,0.0001,point,125,112
classic,parquet,2,one,0.0001,point,36,26
classic,parquet,2,one,0.0001,point,23,14
classic,parquet,2,one,0.0001,point,98,85
classic,parquet,2,one,0.0001,point,127,111
classic,parquet,2,one,0.0001,point,134,117
classic,parquet,2,one,0.0001,point,141,120
classic,parquet,2,one,0.0001,point,128,112
classic,parquet,2,one,0.0001,point,34,25
classic,parquet,2,one,0.0001,point,23,14
classic,orc,2,one,0.3,range,88.4409,26.012
classic,orc,2,one,0.3,range,99.0065,33.6994
classic,orc,2,one,0.3,range,89.1556,26.5986
classic,orc,2,one,0.3,range,85.82180000000001,26.6229
classic,orc,2,one,0.3,range,118.884,59.4511
classic,orc,2,one,0.3,point,100.62899999999999,33.973299999999995
classic,orc,2,one,0.0001,range,81.6459,30.9663
classic,orc,2,one,0.0001,range,46.3998,12.7546
classic,orc,2,one,0.0001,range,95.5883,31.7323
classic,orc,2,one,0.0001,point,92.54700000000001,27.844
classic,orc,2,one,0.0001,point,95.2846,32.212900000000005
classic,orc,2,one,0.0001,point,130.054,45.379200000000004
classic,orc,2,one,0.0001,point,193.999,74.0121
classic,orc,2,one,0.0001,point,169.55100000000002,67.4496
classic,orc,2,one,0.0001,point,184.251,47.6499
classic,orc,2,one,0.0001,point,152.471,59.022999999999996
classic,orc,2,one,0.0001,point,90.13690000000001,27.670299999999997
classic,orc,2,one,0.0001,point,100.203,31.966300000000004
classic,orc,2,one,0.0001,point,130.43699999999998,50.3104
classic,orc,2,one,0.0001,point,194.07399999999998,66.7025
classic,orc,2,one,0.0001,point,180.058,68.3557
classic,orc,2,one,0.0001,point,181.395,46.0941
classic,orc,2,one,0.0001,point,158.832,59.1813
classic,orc,2,one,0.0001,point,91.20259999999999,24.8583
classic,orc,2,one,0.0001,point,97.283,33.198699999999995
classic,parquet,3,one,0.3,range,35,25
classic,parquet,3,one,0.3,range,29,20
classic,parquet,3,one,0.3,range,32,23
classic,parquet,3,one,0.3,range,25,18
classic,parquet,3,one,0.3,range,15,5
classic,parquet,3,one,0.3,point,29,20
classic,parquet,3,one,0.0001,range,30,21
classic,parquet,3,one,0.0001,range,34,24
classic,parquet,3,one,0.0001,range,23,14
classic,parquet,3,one,0.0001,point,38,28
classic,parquet,3,one,0.0001,point,23,14
classic,parquet,3,one,0.0001,point,96,85
classic,parquet,3,one,0.0001,point,136,121
classic,parquet,3,one,0.0001,point,127,111
classic,parquet,3,one,0.0001,point,149,124
classic,parquet,3,one,0.0001,point,125,111
classic,parquet,3,one,0.0001,point,36,26
classic,parquet,3,one,0.0001,point,23,14
classic,parquet,3,one,0.0001,point,97,86
classic,parquet,3,one,0.0001,point,127,111
classic,parquet,3,one,0.0001,point,133,115
classic,parquet,3,one,0.0001,point,145,120
classic,parquet,3,one,0.0001,point,128,112
classic,parquet,3,one,0.0001,point,34,24
classic,parquet,3,one,0.0001,point,23,14
classic,orc,3,one,0.3,range,90.5022,26.5406
classic,orc,3,one,0.3,range,100.26,33.7889
classic,orc,3,one,0.3,range,90.9427,26.954800000000002
classic,orc,3,one,0.3,range,85.8463,26.461
classic,orc,3,one,0.3,range,124.151,59.0896
classic,orc,3,one,0.3,point,96.86580000000001,33.6858
classic,orc,3,one,0.0001,range,83.4671,30.5092
classic,orc,3,one,0.0001,range,46.3872,12.6651
classic,orc,3,one,0.0001,range,99.8068,31.9107
classic,orc,3,one,0.0001,point,94.9473,28.087600000000002
classic,orc,3,one,0.0001,point,102.161,31.3868
classic,orc,3,one,0.0001,point,128.798,44.4468
classic,orc,3,one,0.0001,point,199.143,71.9204
classic,orc,3,one,0.0001,point,174.205,63.11559999999999
classic,orc,3,one,0.0001,point,189.248,48.050799999999995
classic,orc,3,one,0.0001,point,150.901,59.157599999999995
classic,orc,3,one,0.0001,point,93.82350000000001,27.430300000000003
classic,orc,3,one,0.0001,point,95.7832,32.159
classic,orc,3,one,0.0001,point,133.548,47.029
classic,orc,3,one,0.0001,point,187.622,66.485
classic,orc,3,one,0.0001,point,177.21,69.7812
classic,orc,3,one,0.0001,point,187.552,44.9384
classic,orc,3,one,0.0001,point,154.596,63.10209999999999
classic,orc,3,one,0.0001,point,90.44829999999999,24.9622
classic,orc,3,one,0.0001,point,96.99470000000001,31.929899999999996
classic,parquet,4,one,0.3,range,35,25
classic,parquet,4,one,0.3,range,28,20
classic,parquet,4,one,0.3,range,32,22
classic,parquet,4,one,0.3,range,25,18
classic,parquet,4,one,0.3,range,15,5
classic,parquet,4,one,0.3,point,29,20
classic,parquet,4,one,0.0001,range,29,21
classic,parquet,4,one,0.0001,range,34,24
classic,parquet,4,one,0.0001,range,23,14
classic,parquet,4,one,0.0001,point,38,28
classic,parquet,4,one,0.0001,point,23,14
classic,parquet,4,one,0.0001,point,95,83
classic,parquet,4,one,0.0001,point,136,118
classic,parquet,4,one,0.0001,point,126,112
classic,parquet,4,one,0.0001,point,147,124
classic,parquet,4,one,0.0001,point,127,112
classic,parquet,4,one,0.0001,point,35,26
classic,parquet,4,one,0.0001,point,23,14
classic,parquet,4,one,0.0001,point,97,86
classic,parquet,4,one,0.0001,point,127,110
classic,parquet,4,one,0.0001,point,134,115
classic,parquet,4,one,0.0001,point,144,122
classic,parquet,4,one,0.0001,point,129,113
classic,parquet,4,one,0.0001,point,35,25
classic,parquet,4,one,0.0001,point,23,14
classic,orc,4,one,0.3,range,92.8186,25.838199999999997
classic,orc,4,one,0.3,range,101.137,33.9724
classic,orc,4,one,0.3,range,90.1467,26.3408
classic,orc,4,one,0.3,range,85.34440000000001,26.1843
classic,orc,4,one,0.3,range,123.798,58.7548
classic,orc,4,one,0.3,point,102.338,34.0599
classic,orc,4,one,0.0001,range,82.994,30.927699999999998
classic,orc,4,one,0.0001,range,46.212900000000005,12.642199999999999
classic,orc,4,one,0.0001,range,98.0191,32.108200000000004
classic,orc,4,one,0.0001,point,100.78399999999999,27.4743
classic,orc,4,one,0.0001,point,99.3242,32.058299999999996
classic,orc,4,one,0.0001,point,130.442,45.327
classic,orc,4,one,0.0001,point,194.972,71.9756
classic,orc,4,one,0.0001,point,173.406,62.4133
classic,orc,4,one,0.0001,point,182.262,47.4852
classic,orc,4,one,0.0001,point,149.946,59.3252
classic,orc,4,one,0.0001,point,89.68990000000001,27.3689
classic,orc,4,one,0.0001,point,95.2656,32.1298
classic,orc,4,one,0.0001,point,134.949,47.7826
classic,orc,4,one,0.0001,point,187.909,68.0862
classic,orc,4,one,0.0001,point,177.31900000000002,68.4283
classic,orc,4,one,0.0001,point,188.26399999999998,44.6926
classic,orc,4,one,0.0001,point,160.63,61.9764
classic,orc,4,one,0.0001,point,90.741,24.8948
classic,orc,4,one,0.0001,point,94.8668,32.101400000000005
log,parquet,0,one,0.001,point,18,8
log,parquet,0,one,0.001,point,21,11
log,parquet,0,one,0.001,point,19,9
log,parquet,0,one,0.001,point,16,8
log,parquet,0,one,0.001,point,11,4
log,parquet,0,one,0.001,point,17,8
log,parquet,0,one,0.001,point,53,46
log,parquet,0,one,0.001,point,49,36
log,parquet,0,one,0.001,point,49,41
log,parquet,0,one,0.001,point,17,8
log,parquet,0,one,0.0001,point,17,8
log,parquet,0,one,0.0001,point,18,10
log,parquet,0,one,0.0001,point,16,8
log,parquet,0,one,0.0001,point,12,4
log,parquet,0,one,0.0001,point,17,8
log,parquet,0,one,0.0001,point,57,44
log,parquet,0,one,0.0001,point,50,40
log,parquet,0,one,0.0001,point,16,8
log,parquet,0,one,0.0001,point,19,10
log,parquet,0,one,0.0001,point,17,8
log,parquet,0,one,1e-06,point,21,11
log,parquet,0,one,1e-06,point,18,10
log,parquet,0,one,1e-06,point,24,14
log,parquet,0,one,1e-06,point,17,8
log,parquet,0,one,1e-06,point,12,4
log,parquet,0,one,1e-06,point,16,8
log,parquet,0,one,1e-06,point,52,44
log,parquet,0,one,1e-06,point,22,11
log,parquet,0,one,1e-06,point,18,10
log,parquet,0,one,1e-06,point,25,14
log,orc,0,one,0.001,point,36.69179999999999,29.886699999999998
log,orc,0,one,0.001,point,29.452099999999998,22.8003
log,orc,0,one,0.001,point,43.505700000000004,36.613
log,orc,0,one,0.001,point,34.6951,26.8825
log,orc,0,one,0.001,point,22.181900000000002,14.724900000000002
log,orc,0,one,0.001,point,31.884000000000004,24.8986
log,orc,0,one,0.001,point,30.8469,23.7198
log,orc,0,one,0.001,point,16.0003,9.85803
log,orc,0,one,0.001,point,19.909799999999997,13.02
log,orc,0,one,0.001,point,36.3312,28.900599999999997
log,orc,0,one,0.0001,point,36.0904,29.3571
log,orc,0,one,0.0001,point,45.683,38.0062
log,orc,0,one,0.0001,point,33.887800000000006,26.8873
log,orc,0,one,0.0001,point,21.6847,14.7925
log,orc,0,one,0.0001,point,33.4417,26.682399999999998
log,orc,0,one,0.0001,point,31.1214,24.0433
log,orc,0,one,0.0001,point,19.0214,12.2804
log,orc,0,one,0.0001,point,36.692,28.8249
log,orc,0,one,0.0001,point,42.6772,36.6284
log,orc,0,one,0.0001,point,32.8943,26.4899
log,orc,0,one,1e-06,point,30.691300000000002,22.4804
log,orc,0,one,1e-06,point,43.6436,35.199099999999994
log,orc,0,one,1e-06,point,45.2042,37.6203
log,orc,0,one,1e-06,point,33.4604,26.2007
log,orc,0,one,1e-06,point,22.022199999999998,14.5239
log,orc,0,one,1e-06,point,31.2779,24.5767
log,orc,0,one,1e-06,point,30.4329,24.0324
log,orc,0,one,1e-06,point,30.3497,22.5196
log,orc,0,one,1e-06,point,45.925599999999996,38.0036
log,orc,0,one,1e-06,point,45.409,36.9682
log,parquet,1,one,0.001,point,17,8
log,parquet,1,one,0.001,point,22,11
log,parquet,1,one,0.001,point,19,10
log,parquet,1,one,0.001,point,17,8
log,parquet,1,one,0.001,point,11,4
log,parquet,1,one,0.001,point,16,8
log,parquet,1,one,0.001,point,55,46
log,parquet,1,one,0.001,point,43,36
log,parquet,1,one,0.001,point,49,40
log,parquet,1,one,0.001,point,18,8
log,parquet,1,one,0.0001,point,17,8
log,parquet,1,one,0.0001,point,18,9
log,parquet,1,one,0.0001,point,17,8
log,parquet,1,one,0.0001,point,11,4
log,parquet,1,one,0.0001,point,17,8
log,parquet,1,one,0.0001,point,62,44
log,parquet,1,one,0.0001,point,48,41
log,parquet,1,one,0.0001,point,19,8
log,parquet,1,one,0.0001,point,21,9
log,parquet,1,one,0.0001,point,16,8
log,parquet,1,one,1e-06,point,21,11
log,parquet,1,one,1e-06,point,19,9
log,parquet,1,one,1e-06,point,25,14
log,parquet,1,one,1e-06,point,17,8
log,parquet,1,one,1e-06,point,13,4
log,parquet,1,one,1e-06,point,16,7
log,parquet,1,one,1e-06,point,51,44
log,parquet,1,one,1e-06,point,21,10
log,parquet,1,one,1e-06,point,19,9
log,parquet,1,one,1e-06,point,25,13
log,orc,1,one,0.001,point,38.195800000000006,30.029500000000002
log,orc,1,one,0.001,point,30.629,22.8443
log,orc,1,one,0.001,point,44.6227,36.826299999999996
log,orc,1,one,0.001,point,33.934400000000004,27.1035
log,orc,1,one,0.001,point,21.515900000000002,15.4361
log,orc,1,one,0.001,point,32.268499999999996,24.8828
log,orc,1,one,0.001,point,33.982,23.4288
log,orc,1,one,0.001,point,16.162300000000002,10.2924
log,orc,1,one,0.001,point,20.2087,13.0978
log,orc,1,one,0.001,point,35.592400000000005,29.1862
log,orc,1,one,0.0001,point,36.8996,29.244200000000003
log,orc,1,one,0.0001,point,47.0076,38.105399999999996
log,orc,1,one,0.0001,point,33.1119,26.7577
log,orc,1,one,0.0001,point,21.3527,14.8041
log,orc,1,one,0.0001,point,33.618,26.4976
log,orc,1,one,0.0001,point,34.0955,28.630300000000002
log,orc,1,one,0.0001,point,18.9612,12.2496
log,orc,1,one,0.0001,point,36.3305,28.7252
log,orc,1,one,0.0001,point,43.6263,36.399800000000006
log,orc,1,one,0.0001,point,34.5456,26.503
log,orc,1,one,1e-06,point,30.7476,22.7779
log,orc,1,one,1e-06,point,43.1562,35.1699
log,orc,1,one,1e-06,point,45.7866,37.3651
log,orc,1,one,1e-06,point,32.8095,26.0868
log,orc,1,one,1e-06,point,21.586199999999998,14.6826
log,orc,1,one,1e-06,point,31.8236,24.903299999999998
log,orc,1,one,1e-06,point,30.869400000000002,25.193
log,orc,1,one,1e-06,point,29.9649,22.2941
log,orc,1,one,1e-06,point,44.9769,37.5141
log,orc,1,one,1e-06,point,45.5138,36.915499999999994
log,parquet,2,one,0.001,point,17,8
log,parquet,2,one,0.001,point,20,11
log,parquet,2,one,0.001,point,19,9
log,parquet,2,one,0.001,point,16,8
log,parquet,2,one,0.001,point,11,4
log,parquet,2,one,0.001,point,15,8
log,parquet,2,one,0.001,point,55,47
log,parquet,2,one,0.001,point,42,36
log,parquet,2,one,0.001,point,48,41
log,parquet,2,one,0.001,point,17,8
log,parquet,2,one,0.0001,point,17,8
log,parquet,2,one,0.0001,point,19,10
log,parquet,2,one,0.0001,point,17,8
log,parquet,2,one,0.0001,point,12,4
log,parquet,2,one,0.0001,point,16,7
log,parquet,2,one,0.0001,point,52,44
log,parquet,2,one,0.0001,point,48,41
log,parquet,2,one,0.0001,point,17,8
log,parquet,2,one,0.0001,point,18,9
log,parquet,2,one,0.0001,point,18,8
log,parquet,2,one,1e-06,point,21,11
log,parquet,2,one,1e-06,point,18,10
log,parquet,2,one,1e-06,point,26,15
log,parquet,2,one,1e-06,point,16,8
log,parquet,2,one,1e-06,point,12,4
log,parquet,2,one,1e-06,point,16,8
log,parquet,2,one,1e-06,point,51,43
log,parquet,2,one,1e-06,point,21,10
log,parquet,2,one,1e-06,point,17,9
log,parquet,2,one,1e-06,point,24,15
log,orc,2,one,0.001,point,37.394200000000005,30.018800000000002
log,orc,2,one,0.001,point,30.6506,22.9059
log,orc,2,one,0.001,point,44.099199999999996,36.8059
log,orc,2,one,0.001,point,34.408300000000004,26.9041
log,orc,2,one,0.001,point,22.1768,14.7011
log,orc,2,one,0.001,point,31.9589,24.9627
log,orc,2,one,0.001,point,30.7518,23.553
log,orc,2,one,0.001,point,16.251,10.2392
log,orc,2,one,0.001,point,19.4428,12.857000000000001
log,orc,2,one,0.001,point,36.384899999999995,29.1584
log,orc,2,one,0.0001,point,35.949799999999996,29.2627
log,orc,2,one,0.0001,point,44.7079,37.834199999999996
log,orc,2,one,0.0001,point,33.0183,26.8123
log,orc,2,one,0.0001,point,21.5955,14.7268
log,orc,2,one,0.0001,point,33.3911,26.900199999999998
log,orc,2,one,0.0001,point,30.909,23.4487
log,orc,2,one,0.0001,point,19.669099999999997,12.2805
log,orc,2,one,0.0001,point,36.1543,29.5147
log,orc,2,one,0.0001,point,43.8037,36.229200000000006
log,orc,2,one,0.0001,point,33.613200000000006,26.5458
log,orc,2,one,1e-06,point,29.9959,22.6676
log,orc,2,one,1e-06,point,42.3027,35.387
log,orc,2,one,1e-06,point,46.406299999999995,37.214999999999996
log,orc,2,one,1e-06,point,33.1282,26.1177
log,orc,2,one,1e-06,point,21.252,14.6647
log,orc,2,one,1e-06,point,31.314799999999998,24.408099999999997
log,orc,2,one,1e-06,point,31.069200000000002,23.9956
log,orc,2,one,1e-06,point,28.979499999999998,22.4192
log,orc,2,one,1e-06,point,45.0565,38.0362
log,orc,2,one,1e-06,point,45.1001,37.2804
log,parquet,3,one,0.001,point,17,8
log,parquet,3,one,0.001,point,21,11
log,parquet,3,one,0.001,point,19,9
log,parquet,3,one,0.001,point,16,8
log,parquet,3,one,0.001,point,12,4
log,parquet,3,one,0.001,point,17,7
log,parquet,3,one,0.001,point,55,46
log,parquet,3,one,0.001,point,43,36
log,parquet,3,one,0.001,point,49,40
log,parquet,3,one,0.001,point,17,8
log,parquet,3,one,0.0001,point,17,8
log,parquet,3,one,0.0001,point,19,10
log,parquet,3,one,0.0001,point,16,8
log,parquet,3,one,0.0001,point,11,4
log,parquet,3,one,0.0001,point,17,8
log,parquet,3,one,0.0001,point,52,43
log,parquet,3,one,0.0001,point,49,41
log,parquet,3,one,0.0001,point,17,8
log,parquet,3,one,0.0001,point,20,9
log,parquet,3,one,0.0001,point,17,8
log,parquet,3,one,1e-06,point,22,10
log,parquet,3,one,1e-06,point,20,9
log,parquet,3,one,1e-06,point,25,13
log,parquet,3,one,1e-06,point,16,8
log,parquet,3,one,1e-06,point,13,4
log,parquet,3,one,1e-06,point,17,8
log,parquet,3,one,1e-06,point,52,44
log,parquet,3,one,1e-06,point,21,10
log,parquet,3,one,1e-06,point,18,9
log,parquet,3,one,1e-06,point,26,14
log,orc,3,one,0.001,point,37.8418,29.764200000000002
log,orc,3,one,0.001,point,29.811799999999998,22.7337
log,orc,3,one,0.001,point,44.3562,36.3842
log,orc,3,one,0.001,point,34.271,26.9272
log,orc,3,one,0.001,point,21.1345,14.7815
log,orc,3,one,0.001,point,31.9098,25.189799999999998
log,orc,3,one,0.001,point,34.9572,23.8909
log,orc,3,one,0.001,point,15.986500000000001,10.210500000000001
log,orc,3,one,0.001,point,19.7889,12.9513
log,orc,3,one,0.001,point,36.3232,29.3032
log,orc,3,one,0.0001,point,36.714499999999994,29.270999999999997
log,orc,3,one,0.0001,point,44.9653,37.691
log,orc,3,one,0.0001,point,33.014500000000005,26.4617
log,orc,3,one,0.0001,point,20.8416,14.7873
log,orc,3,one,0.0001,point,33.2868,26.344099999999997
log,orc,3,one,0.0001,point,29.8177,24.512800000000002
log,orc,3,one,0.0001,point,18.7075,12.3536
log,orc,3,one,0.0001,point,36.206,28.9159
log,orc,3,one,0.0001,point,43.7083,36.3427
log,orc,3,one,0.0001,point,33.3042,26.5518
log,orc,3,one,1e-06,point,30.586100000000002,22.506800000000002
log,orc,3,one,1e-06,point,42.201,35.094899999999996
log,orc,3,one,1e-06,point,45.3105,37.3647
log,orc,3,one,1e-06,point,32.481,26.0595
log,orc,3,one,1e-06,point,21.633599999999998,14.711699999999999
log,orc,3,one,1e-06,point,30.592000000000002,24.5886
log,orc,3,one,1e-06,point,31.11,24.4436
log,orc,3,one,1e-06,point,29.6936,22.495
log,orc,3,one,1e-06,point,44.9388,37.600500000000004
log,orc,3,one,1e-06,point,44.9135,37.1621
log,parquet,4,one,0.001,point,17,8
log,parquet,4,one,0.001,point,21,11
log,parquet,4,one,0.001,point,18,9
log,parquet,4,one,0.001,point,16,8
log,parquet,4,one,0.001,point,12,4
log,parquet,4,one,0.001,point,16,7
log,parquet,4,one,0.001,point,54,46
log,parquet,4,one,0.001,point,44,36
log,parquet,4,one,0.001,point,49,40
log,parquet,4,one,0.001,point,16,8
log,parquet,4,one,0.0001,point,17,8
log,parquet,4,one,0.0001,point,18,9
log,parquet,4,one,0.0001,point,17,8
log,parquet,4,one,0.0001,point,12,4
log,parquet,4,one,0.0001,point,16,8
log,parquet,4,one,0.0001,point,51,44
log,parquet,4,one,0.0001,point,48,41
log,parquet,4,one,0.0001,point,18,8
log,parquet,4,one,0.0001,point,18,10
log,parquet,4,one,0.0001,point,17,8
log,parquet,4,one,1e-06,point,21,10
log,parquet,4,one,1e-06,point,19,9
log,parquet,4,one,1e-06,point,26,15
log,parquet,4,one,1e-06,point,17,8
log,parquet,4,one,1e-06,point,12,4
log,parquet,4,one,1e-06,point,16,8
log,parquet,4,one,1e-06,point,51,44
log,parquet,4,one,1e-06,point,20,11
log,parquet,4,one,1e-06,point,18,10
log,parquet,4,one,1e-06,point,25,15
log,orc,4,one,0.001,point,37.1039,30.1679
log,orc,4,one,0.001,point,30.290999999999997,23.0946
log,orc,4,one,0.001,point,43.7435,37.1162
log,orc,4,one,0.001,point,34.132799999999996,27.2806
log,orc,4,one,0.001,point,21.3822,14.8784
log,orc,4,one,0.001,point,32.332,25.1298
log,orc,4,one,0.001,point,32.7121,24.0167
log,orc,4,one,0.001,point,16.5033,10.0389
log,orc,4,one,0.001,point,19.470299999999998,12.9401
log,orc,4,one,0.001,point,36.2797,29.4485
log,orc,4,one,0.0001,point,37.025099999999995,29.5483
log,orc,4,one,0.0001,point,45.2731,37.9277
log,orc,4,one,0.0001,point,33.241800000000005,26.807199999999998
log,orc,4,one,0.0001,point,22.2082,14.8156
log,orc,4,one,0.0001,point,33.7691,26.5511
log,orc,4,one,0.0001,point,35.2723,25.2949
log,orc,4,one,0.0001,point,19.1991,12.3822
log,orc,4,one,0.0001,point,36.9714,29.1055
log,orc,4,one,0.0001,point,43.2217,36.4527
log,orc,4,one,0.0001,point,33.0004,27.3719
log,orc,4,one,1e-06,point,30.129199999999997,22.8259
log,orc,4,one,1e-06,point,42.8792,35.3497
log,orc,4,one,1e-06,point,47.084399999999995,37.8094
log,orc,4,one,1e-06,point,32.6695,26.3045
log,orc,4,one,1e-06,point,21.6706,14.804
log,orc,4,one,1e-06,point,31.398000000000003,24.4202
log,orc,4,one,1e-06,point,35.9924,26.1476
log,orc,4,one,1e-06,point,30.4785,22.479400000000002
log,orc,4,one,1e-06,point,44.3136,37.8237
log,orc,4,one,1e-06,point,45.273599999999995,37.0511
ml,parquet,0,one,0.3,point,38,27
ml,parquet,0,one,0.3,point,25,18
ml,parquet,0,one,0.3,point,7,2
ml,parquet,0,one,0.3,point,47,40
ml,parquet,0,one,0.3,point,46,38
ml,parquet,0,one,0.3,point,38,28
ml,parquet,0,one,0.3,point,23,15
ml,parquet,0,one,0.3,point,6,2
ml,parquet,0,one,0.3,point,44,37
ml,parquet,0,one,0.3,point,23,16
ml,parquet,0,one,0.0001,point,34,24
ml,parquet,0,one,0.0001,point,15,5
ml,parquet,0,one,0.0001,point,14,5
ml,parquet,0,one,0.0001,point,18,6
ml,parquet,0,one,0.0001,point,16,6
ml,parquet,0,one,0.0001,point,53,43
ml,parquet,0,one,0.0001,point,141,121
ml,parquet,0,one,0.0001,point,32,24
ml,parquet,0,one,0.0001,point,15,6
ml,parquet,0,one,0.0001,point,16,6
ml,parquet,0,one,0.0001,point,16,7
ml,parquet,0,one,0.0001,point,16,8
ml,parquet,0,one,0.0001,point,62,52
ml,parquet,0,one,0.0001,point,160,115
ml,parquet,0,one,0.0001,point,34,24
ml,parquet,0,one,0.0001,point,15,6
ml,parquet,0,one,0.0001,point,15,6
ml,parquet,0,one,0.0001,point,15,6
ml,parquet,0,one,0.0001,point,16,5
ml,parquet,0,one,0.0001,point,56,45
ml,orc,0,one,0.3,point,14.7251,6.16609
ml,orc,0,one,0.3,point,26.895,19.8003
ml,orc,0,one,0.3,point,20.2988,11.5246
ml,orc,0,one,0.3,point,32.7066,25.299100000000003
ml,orc,0,one,0.3,point,20.1033,14.5449
ml,orc,0,one,0.3,point,13.6952,6.25375
ml,orc,0,one,0.3,point,25.038999999999998,17.2194
ml,orc,0,one,0.3,point,18.160800000000002,10.5674
ml,orc,0,one,0.3,point,18.9188,13.055900000000001
ml,orc,0,one,0.3,point,24.3143,17.0469
ml,orc,0,one,0.0001,point,20.2466,12.829500000000001
ml,orc,0,one,0.0001,point,57.809,49.2102
ml,orc,0,one,0.0001,point,63.72070000000001,54.4932
ml,orc,0,one,0.0001,point,57.479299999999995,48.677400000000006
ml,orc,0,one,0.0001,point,56.7671,47.0756
ml,orc,0,one,0.0001,point,27.060299999999998,21.0049
ml,orc,0,one,0.0001,point,43.6981,29.2053
ml,orc,0,one,0.0001,point,23.1079,15.0917
ml,orc,0,one,0.0001,point,58.099,49.0565
ml,orc,0,one,0.0001,point,63.355999999999995,53.428200000000004
ml,orc,0,one,0.0001,point,57.2221,48.8113
ml,orc,0,one,0.0001,point,55.4086,46.3902
ml,orc,0,one,0.0001,point,30.1462,22.8089
ml,orc,0,one,0.0001,point,37.6021,23.285400000000003
ml,orc,0,one,0.0001,point,20.735,12.880799999999999
ml,orc,0,one,0.0001,point,58.7908,49.7012
ml,orc,0,one,0.0001,point,59.9149,51.6654
ml,orc,0,one,0.0001,point,58.288,49.1522
ml,orc,0,one,0.0001,point,56.0495,46.926
ml,orc,0,one,0.0001,point,25.2862,19.792299999999997
ml,parquet,1,one,0.3,point,37,27
ml,parquet,1,one,0.3,point,25,17
ml,parquet,1,one,0.3,point,8,2
ml,parquet,1,one,0.3,point,48,40
ml,parquet,1,one,0.3,point,47,39
ml,parquet,1,one,0.3,point,39,29
ml,parquet,1,one,0.3,point,23,15
ml,parquet,1,one,0.3,point,7,2
ml,parquet,1,one,0.3,point,47,37
ml,parquet,1,one,0.3,point,26,16
ml,parquet,1,one,0.0001,point,33,23
ml,parquet,1,one,0.0001,point,14,6
ml,parquet,1,one,0.0001,point,14,6
ml,parquet,1,one,0.0001,point,15,6
ml,parquet,1,one,0.0001,point,15,5
ml,parquet,1,one,0.0001,point,52,43
ml,parquet,1,one,0.0001,point,135,119
ml,parquet,1,one,0.0001,point,33,23
ml,parquet,1,one,0.0001,point,15,5
ml,parquet,1,one,0.0001,point,14,6
ml,parquet,1,one,0.0001,point,14,6
ml,parquet,1,one,0.0001,point,15,6
ml,parquet,1,one,0.0001,point,57,48
ml,parquet,1,one,0.0001,point,130,115
ml,parquet,1,one,0.0001,point,32,24
ml,parquet,1,one,0.0001,point,14,5
ml,parquet,1,one,0.0001,point,17,6
ml,parquet,1,one,0.0001,point,16,6
ml,parquet,1,one,0.0001,point,15,6
ml,parquet,1,one,0.0001,point,54,46
ml,orc,1,one,0.3,point,15.3657,6.15578
ml,orc,1,one,0.3,point,26.891000000000002,19.6878
ml,orc,1,one,0.3,point,18.1904,11.587399999999999
ml,orc,1,one,0.3,point,31.961000000000002,25.3007
ml,orc,1,one,0.3,point,19.4435,14.26
ml,orc,1,one,0.3,point,14.4574,6.1332
ml,orc,1,one,0.3,point,24.497899999999998,17.3918
ml,orc,1,one,0.3,point,17.3957,10.5432
ml,orc,1,one,0.3,point,18.0853,12.9748
ml,orc,1,one,0.3,point,24.0411,17.2226
ml,orc,1,one,0.0001,point,20.5325,12.699300000000001
ml,orc,1,one,0.0001,point,59.3616,49.2892
ml,orc,1,one,0.0001,point,64.292,54.427299999999995
ml,orc,1,one,0.0001,point,57.712399999999995,48.5379
ml,orc,1,one,0.0001,point,55.5807,47.3071
ml,orc,1,one,0.0001,point,23.7727,21.1327
ml,orc,1,one,0.0001,point,44.199799999999996,30.1184
ml,orc,1,one,0.0001,point,23.3564,14.7741
ml,orc,1,one,0.0001,point,57.1392,48.8754
ml,orc,1,one,0.0001,point,61.8841,53.178999999999995
ml,orc,1,one,0.0001,point,58.2515,48.6569
ml,orc,1,one,0.0001,point,55.357000000000006,46.159
ml,orc,1,one,0.0001,point,29.997,22.1897
ml,orc,1,one,0.0001,point,38.872499999999995,23.6122
ml,orc,1,one,0.0001,point,21.1668,12.747100000000001
ml,orc,1,one,0.0001,point,59.0516,49.9734
ml,orc,1,one,0.0001,point,60.5071,51.4192
ml,orc,1,one,0.0001,point,58.6434,49.7552
ml,orc,1,one,0.0001,point,55.720400000000005,46.9909
ml,orc,1,one,0.0001,point,24.8793,19.464599999999997
ml,parquet,2,one,0.3,point,36,27
ml,parquet,2,one,0.3,point,24,17
ml,parquet,2,one,0.3,point,7,2
ml,parquet,2,one,0.3,point,48,40
ml,parquet,2,one,0.3,point,45,38
ml,parquet,2,one,0.3,point,38,29
ml,parquet,2,one,0.3,point,23,15
ml,parquet,2,one,0.3,point,7,2
ml,parquet,2,one,0.3,point,44,37
ml,parquet,2,one,0.3,point,25,16
ml,parquet,2,one,0.0001,point,34,24
ml,parquet,2,one,0.0001,point,15,6
ml,parquet,2,one,0.0001,point,14,5
ml,parquet,2,one,0.0001,point,14,6
ml,parquet,2,one,0.0001,point,15,6
ml,parquet,2,one,0.0001,point,56,44
ml,parquet,2,one,0.0001,point,135,119
ml,parquet,2,one,0.0001,point,34,23
ml,parquet,2,one,0.0001,point,14,6
ml,parquet,2,one,0.0001,point,15,6
ml,parquet,2,one,0.0001,point,15,5
ml,parquet,2,one,0.0001,point,15,6
ml,parquet,2,one,0.0001,point,58,49
ml,parquet,2,one,0.0001,point,131,113
ml,parquet,2,one,0.0001,point,34,24
ml,parquet,2,one,0.0001,point,15,6
ml,parquet,2,one,0.0001,point,14,5
ml,parquet,2,one,0.0001,point,14,6
ml,parquet,2,one,0.0001,point,14,5
ml,parquet,2,one,0.0001,point,55,47
ml,orc,2,one,0.3,point,14.551100000000002,6.46068
ml,orc,2,one,0.3,point,26.3206,19.699399999999997
ml,orc,2,one,0.3,point,19.1147,11.613800000000001
ml,orc,2,one,0.3,point,32.0246,25.056700000000003
ml,orc,2,one,0.3,point,19.302599999999998,13.2216
ml,orc,2,one,0.3,point,13.637099999999998,6.0975600000000005
ml,orc,2,one,0.3,point,24.0183,17.328500000000002
ml,orc,2,one,0.3,point,17.0188,10.6911
ml,orc,2,one,0.3,point,17.9678,13.055499999999999
ml,orc,2,one,0.3,point,24.547800000000002,17.103
ml,orc,2,one,0.0001,point,20.2883,12.799700000000001
ml,orc,2,one,0.0001,point,56.8215,48.9991
ml,orc,2,one,0.0001,point,63.88249999999999,54.792100000000005
ml,orc,2,one,0.0001,point,57.5027,49.518
ml,orc,2,one,0.0001,point,55.9491,47.008
ml,orc,2,one,0.0001,point,26.517300000000002,18.468
ml,orc,2,one,0.0001,point,44.1685,29.789199999999997
ml,orc,2,one,0.0001,point,22.592299999999998,15.085899999999999
ml,orc,2,one,0.0001,point,57.582800000000006,49.3569
ml,orc,2,one,0.0001,point,62.7553,53.2883
ml,orc,2,one,0.0001,point,57.0419,48.620999999999995
ml,orc,2,one,0.0001,point,55.2716,46.5734
ml,orc,2,one,0.0001,point,29.503800000000002,23.6284
ml,orc,2,one,0.0001,point,37.552099999999996,23.7312
ml,orc,2,one,0.0001,point,19.912,12.6809
ml,orc,2,one,0.0001,point,58.7012,49.8938
ml,orc,2,one,0.0001,point,60.574000000000005,51.5552
ml,orc,2,one,0.0001,point,57.9477,49.518699999999995
ml,orc,2,one,0.0001,point,56.6917,47.0563
ml,orc,2,one,0.0001,point,25.151300000000003,16.4073
ml,parquet,3,one,0.3,point,37,26
ml,parquet,3,one,0.3,point,26,17
ml,parquet,3,one,0.3,point,7,2
ml,parquet,3,one,0.3,point,48,39
ml,parquet,3,one,0.3,point,46,38
ml,parquet,3,one,0.3,point,38,29
ml,parquet,3,one,0.3,point,23,15
ml,parquet,3,one,0.3,point,7,2
ml,parquet,3,one,0.3,point,43,37
ml,parquet,3,one,0.3,point,24,16
ml,parquet,3,one,0.0001,point,33,24
ml,parquet,3,one,0.0001,point,14,6
ml,parquet,3,one,0.0001,point,14,5
ml,parquet,3,one,0.0001,point,14,5
ml,parquet,3,one,0.0001,point,15,6
ml,parquet,3,one,0.0001,point,52,44
ml,parquet,3,one,0.0001,point,138,120
ml,parquet,3,one,0.0001,point,33,24
ml,parquet,3,one,0.0001,point,13,6
ml,parquet,3,one,0.0001,point,14,5
ml,parquet,3,one,0.0001,point,14,6
ml,parquet,3,one,0.0001,point,15,6
ml,parquet,3,one,0.0001,point,57,49
ml,parquet,3,one,0.0001,point,129,114
ml,parquet,3,one,0.0001,point,34,25
ml,parquet,3,one,0.0001,point,14,5
ml,parquet,3,one,0.0001,point,15,6
ml,parquet,3,one,0.0001,point,15,6
ml,parquet,3,one,0.0001,point,15,6
ml,parquet,3,one,0.0001,point,54,46
ml,orc,3,one,0.3,point,14.4061,6.21816
ml,orc,3,one,0.3,point,27.2903,19.6093
ml,orc,3,one,0.3,point,18.3889,11.5465
ml,orc,3,one,0.3,point,31.390500000000003,24.1525
ml,orc,3,one,0.3,point,19.7512,13.313
ml,orc,3,one,0.3,point,14.430200000000001,6.2352099999999995
ml,orc,3,one,0.3,point,25.049100000000003,17.332
ml,orc,3,one,0.3,point,17.752,10.6032
ml,orc,3,one,0.3,point,18.089399999999998,13.7497
ml,orc,3,one,0.3,point,24.517899999999997,17.445700000000002
ml,orc,3,one,0.0001,point,20.601000000000003,12.9316
ml,orc,3,one,0.0001,point,57.7989,49.4668
ml,orc,3,one,0.0001,point,63.672599999999996,54.8881
ml,orc,3,one,0.0001,point,58.2132,48.7759
ml,orc,3,one,0.0001,point,56.1638,49.122600000000006
ml,orc,3,one,0.0001,point,24.6694,14.851899999999999
ml,orc,3,one,0.0001,point,43.7438,28.9874
ml,orc,3,one,0.0001,point,21.5096,14.889899999999999
ml,orc,3,one,0.0001,point,55.1536,49.1142
ml,orc,3,one,0.0001,point,62.6973,53.3518
ml,orc,3,one,0.0001,point,57.5511,48.673300000000005
ml,orc,3,one,0.0001,point,55.111,46.5545
ml,orc,3,one,0.0001,point,31.9216,21.7469
ml,orc,3,one,0.0001,point,38.6306,25.0692
ml,orc,3,one,0.0001,point,20.892899999999997,12.8189
ml,orc,3,one,0.0001,point,59.160900000000005,49.8309
ml,orc,3,one,0.0001,point,60.1276,51.4423
ml,orc,3,one,0.0001,point,58.2488,49.3978
ml,orc,3,one,0.0001,point,56.750299999999996,47.4303
ml,orc,3,one,0.0001,point,24.8631,17.326500000000003
ml,parquet,4,one,0.3,point,36,27
ml,parquet,4,one,0.3,point,25,17
ml,parquet,4,one,0.3,point,7,2
ml,parquet,4,one,0.3,point,47,40
ml,parquet,4,one,0.3,point,45,38
ml,parquet,4,one,0.3,point,39,29
ml,parquet,4,one,0.3,point,23,15
ml,parquet,4,one,0.3,point,7,2
ml,parquet,4,one,0.3,point,44,37
ml,parquet,4,one,0.3,point,23,16
ml,parquet,4,one,0.0001,point,34,24
ml,parquet,4,one,0.0001,point,14,6
ml,parquet,4,one,0.0001,point,14,5
ml,parquet,4,one,0.0001,point,14,5
ml,parquet,4,one,0.0001,point,15,5
ml,parquet,4,one,0.0001,point,52,43
ml,parquet,4,one,0.0001,point,134,119
ml,parquet,4,one,0.0001,point,32,23
ml,parquet,4,one,0.0001,point,14,5
ml,parquet,4,one,0.0001,point,14,5
ml,parquet,4,one,0.0001,point,15,6
ml,parquet,4,one,0.0001,point,14,6
ml,parquet,4,one,0.0001,point,57,58
ml,parquet,4,one,0.0001,point,130,115
ml,parquet,4,one,0.0001,point,33,24
ml,parquet,4,one,0.0001,point,14,6
ml,parquet,4,one,0.0001,point,14,5
ml,parquet,4,one,0.0001,point,15,5
ml,parquet,4,one,0.0001,point,15,6
ml,parquet,4,one,0.0001,point,55,46
ml,orc,4,one,0.3,point,13.5768,6.2259
ml,orc,4,one,0.3,point,26.7703,19.7412
ml,orc,4,one,0.3,point,18.5955,11.6032
ml,orc,4,one,0.3,point,32.019,25.406299999999998
ml,orc,4,one,0.3,point,21.0522,13.2423
ml,orc,4,one,0.3,point,13.4433,6.28056
ml,orc,4,one,0.3,point,23.632,17.3239
ml,orc,4,one,0.3,point,17.151,10.562
ml,orc,4,one,0.3,point,18.1677,12.3722
ml,orc,4,one,0.3,point,24.842699999999997,17.1584
ml,orc,4,one,0.0001,point,21.2199,12.722900000000001
ml,orc,4,one,0.0001,point,57.7335,49.3217
ml,orc,4,one,0.0001,point,62.1244,54.863
ml,orc,4,one,0.0001,point,57.1687,49.0056
ml,orc,4,one,0.0001,point,56.6282,47.635799999999996
ml,orc,4,one,0.0001,point,29.1671,15.8826
ml,orc,4,one,0.0001,point,42.8041,28.4694
ml,orc,4,one,0.0001,point,22.994500000000002,15.055499999999999
ml,orc,4,one,0.0001,point,57.7169,49.5516
ml,orc,4,one,0.0001,point,62.0325,53.584
ml,orc,4,one,0.0001,point,57.792,49.0892
ml,orc,4,one,0.0001,point,55.0958,46.6722
ml,orc,4,one,0.0001,point,30.3985,23.9963
ml,orc,4,one,0.0001,point,37.69,23.8165
ml,orc,4,one,0.0001,point,20.6566,12.8548
ml,orc,4,one,0.0001,point,58.844899999999996,49.9871
ml,orc,4,one,0.0001,point,59.708,51.4482
ml,orc,4,one,0.0001,point,57.8961,49.482400000000005
ml,orc,4,one,0.0001,point,56.4146,47.2147
ml,orc,4,one,0.0001,point,25.333000000000002,17.2823
bi,parquet,0,one,0.5,range,21,15
bi,parquet,0,one,0.5,range,25,18
bi,parquet,0,one,0.5,range,22,15
bi,parquet,0,one,0.5,range,28,19
bi,parquet,0,one,0.5,range,18,10
bi,parquet,0,one,0.5,range,18,9
bi,parquet,0,one,0.5,range,24,14
bi,parquet,0,one,0.5,range,26,12
bi,parquet,0,one,0.5,range,26,18
bi,parquet,0,one,0.5,range,28,20
bi,parquet,0,one,0.5,range,19,9
bi,parquet,0,one,0.5,range,18,9
bi,parquet,0,one,0.5,range,25,14
bi,parquet,0,one,0.5,range,26,13
bi,parquet,0,one,0.5,range,25,18
bi,parquet,0,one,0.5,range,28,19
bi,orc,0,one,0.5,range,11.9373,5.58678
bi,orc,0,one,0.5,range,18.3218,11.9046
bi,orc,0,one,0.5,range,14.8531,9.02528
bi,orc,0,one,0.5,range,21.5699,15.0391
bi,orc,0,one,0.5,range,51.554700000000004,44.452
bi,orc,0,one,0.5,range,29.4095,22.494
bi,orc,0,one,0.5,range,44.9274,36.2467
bi,orc,0,one,0.5,range,44.9219,36.2703
bi,orc,0,one,0.5,range,17.6503,11.838
bi,orc,0,one,0.5,range,21.8378,15.0737
bi,orc,0,one,0.5,range,51.4816,44.1518
bi,orc,0,one,0.5,range,29.3006,22.7771
bi,orc,0,one,0.5,range,44.341499999999996,36.5957
bi,orc,0,one,0.5,range,44.5092,36.1335
bi,orc,0,one,0.5,range,19.194,11.801
bi,orc,0,one,0.5,range,21.4731,14.997399999999999
bi,parquet,1,one,0.5,range,21,15
bi,parquet,1,one,0.5,range,26,18
bi,parquet,1,one,0.5,range,22,15
bi,parquet,1,one,0.5,range,28,19
bi,parquet,1,one,0.5,range,19,10
bi,parquet,1,one,0.5,range,18,9
bi,parquet,1,one,0.5,range,24,14
bi,parquet,1,one,0.5,range,26,12
bi,parquet,1,one,0.5,range,24,18
bi,parquet,1,one,0.5,range,28,20
bi,parquet,1,one,0.5,range,18,9
bi,parquet,1,one,0.5,range,19,8
bi,parquet,1,one,0.5,range,25,14
bi,parquet,1,one,0.5,range,28,13
bi,parquet,1,one,0.5,range,25,18
bi,parquet,1,one,0.5,range,28,19
bi,orc,1,one,0.5,range,11.2551,5.60297
bi,orc,1,one,0.5,range,17.7473,11.7895
bi,orc,1,one,0.5,range,15.1162,9.09841
bi,orc,1,one,0.5,range,20.9497,15.4428
bi,orc,1,one,0.5,range,51.7376,43.9576
bi,orc,1,one,0.5,range,29.9283,21.9638
bi,orc,1,one,0.5,range,45.566900000000004,36.3144
bi,orc,1,one,0.5,range,44.2641,36.162800000000004
bi,orc,1,one,0.5,range,17.179199999999998,11.8536
bi,orc,1,one,0.5,range,21.9878,15.071299999999999
bi,orc,1,one,0.5,range,51.2402,44.028200000000005
bi,orc,1,one,0.5,range,29.2794,22.1208
bi,orc,1,one,0.5,range,44.1256,36.317099999999996
bi,orc,1,one,0.5,range,45.1289,36.859
bi,orc,1,one,0.5,range,18.5326,11.8081
bi,orc,1,one,0.5,range,21.523,14.9878
bi,parquet,2,one,0.5,range,22,15
bi,parquet,2,one,0.5,range,26,18
bi,parquet,2,one,0.5,range,22,15
bi,parquet,2,one,0.5,range,28,20
bi,parquet,2,one,0.5,range,19,9
bi,parquet,2,one,0.5,range,18,8
bi,parquet,2,one,0.5,range,25,15
bi,parquet,2,one,0.5,range,26,13
bi,parquet,2,one,0.5,range,25,18
bi,parquet,2,one,0.5,range,28,19
bi,parquet,2,one,0.5,range,18,10
bi,parquet,2,one,0.5,range,18,9
bi,parquet,2,one,0.5,range,25,15
bi,parquet,2,one,0.5,range,26,13
bi,parquet,2,one,0.5,range,25,18
bi,parquet,2,one,0.5,range,28,20
bi,orc,2,one,0.5,range,11.4807,5.63958
bi,orc,2,one,0.5,range,18.6322,11.798
bi,orc,2,one,0.5,range,15.2329,9.148750000000001
bi,orc,2,one,0.5,range,22.0656,15.0267
bi,orc,2,one,0.5,range,51.8422,44.3685
bi,orc,2,one,0.5,range,28.9132,22.251900000000003
bi,orc,2,one,0.5,range,44.5028,36.8949
bi,orc,2,one,0.5,range,43.9217,36.1835
bi,orc,2,one,0.5,range,17.8584,11.828899999999999
bi,orc,2,one,0.5,range,21.696,15.0186
bi,orc,2,one,0.5,range,51.3091,43.9732
bi,orc,2,one,0.5,range,29.7745,22.2715
bi,orc,2,one,0.5,range,44.8144,36.717
bi,orc,2,one,0.5,range,43.6451,36.1547
bi,orc,2,one,0.5,range,16.945700000000002,11.7772
bi,orc,2,one,0.5,range,21.4713,15.000599999999999
bi,parquet,3,one,0.5,range,22,15
bi,parquet,3,one,0.5,range,26,18
bi,parquet,3,one,0.5,range,22,15
bi,parquet,3,one,0.5,range,28,19
bi,parquet,3,one,0.5,range,19,9
bi,parquet,3,one,0.5,range,19,9
bi,parquet,3,one,0.5,range,25,14
bi,parquet,3,one,0.5,range,27,13
bi,parquet,3,one,0.5,range,26,18
bi,parquet,3,one,0.5,range,28,20
bi,parquet,3,one,0.5,range,19,9
bi,parquet,3,one,0.5,range,19,9
bi,parquet,3,one,0.5,range,25,14
bi,parquet,3,one,0.5,range,26,13
bi,parquet,3,one,0.5,range,25,18
bi,parquet,3,one,0.5,range,29,20
bi,orc,3,one,0.5,range,11.752699999999999,5.70932
bi,orc,3,one,0.5,range,17.8928,11.7712
bi,orc,3,one,0.5,range,15.4832,9.0311
bi,orc,3,one,0.5,range,21.6512,15.2619
bi,orc,3,one,0.5,range,51.3162,44.1902
bi,orc,3,one,0.5,range,29.7657,22.429000000000002
bi,orc,3,one,0.5,range,45.5686,36.5633
bi,orc,3,one,0.5,range,44.734500000000004,36.2691
bi,orc,3,one,0.5,range,15.1004,11.8368
bi,orc,3,one,0.5,range,22.1205,15.070699999999999
bi,orc,3,one,0.5,range,50.4255,44.561499999999995
bi,orc,3,one,0.5,range,30.6715,26.4574
bi,orc,3,one,0.5,range,46.2922,36.557399999999994
bi,orc,3,one,0.5,range,45.7868,40.622699999999995
bi,orc,3,one,0.5,range,18.4232,11.8594
bi,orc,3,one,0.5,range,20.2262,15.159
bi,parquet,4,one,0.5,range,21,15
bi,parquet,4,one,0.5,range,25,18
bi,parquet,4,one,0.5,range,24,20
bi,parquet,4,one,0.5,range,28,20
bi,parquet,4,one,0.5,range,20,10
bi,parquet,4,one,0.5,range,19,9
bi,parquet,4,one,0.5,range,25,15
bi,parquet,4,one,0.5,range,29,14
bi,parquet,4,one,0.5,range,35,26
bi,parquet,4,one,0.5,range,34,21
bi,parquet,4,one,0.5,range,20,10
bi,parquet,4,one,0.5,range,21,9
bi,parquet,4,one,0.5,range,27,15
bi,parquet,4,one,0.5,range,27,14
bi,parquet,4,one,0.5,range,25,18
bi,parquet,4,one,0.5,range,28,19
bi,orc,4,one,0.5,range,12.35,5.57196
bi,orc,4,one,0.5,range,18.1275,11.8413
bi,orc,4,one,0.5,range,14.7751,9.08662
bi,orc,4,one,0.5,range,21.3517,15.0742
bi,orc,4,one,0.5,range,51.1219,44.9942
bi,orc,4,one,0.5,range,29.1193,22.363
bi,orc,4,one,0.5,range,43.667699999999996,36.5112
bi,orc,4,one,0.5,range,42.05,36.5443
bi,orc,4,one,0.5,range,17.6457,11.805299999999999
bi,orc,4,one,0.5,range,22.568499999999997,16.1613
bi,orc,4,one,0.5,range,52.3996,43.9856
bi,orc,4,one,0.5,range,29.8204,22.298499999999997
bi,orc,4,one,0.5,range,44.1339,36.4081
bi,orc,4,one,0.5,range,44.1058,36.3007
bi,orc,4,one,0.5,range,17.956699999999998,11.8245
bi,orc,4,one,0.5,range,21.518,15.0691
